-- MySQL dump 10.13  Distrib 8.0.43, for Win64 (x86_64)
--
-- Host: 127.0.0.1    Database: proyectoingles
-- ------------------------------------------------------
-- Server version	8.0.43

/*!40101 SET @OLD_CHARACTER_SET_CLIENT=@@CHARACTER_SET_CLIENT */;
/*!40101 SET @OLD_CHARACTER_SET_RESULTS=@@CHARACTER_SET_RESULTS */;
/*!40101 SET @OLD_COLLATION_CONNECTION=@@COLLATION_CONNECTION */;
/*!50503 SET NAMES utf8mb4 */;
/*!40103 SET @OLD_TIME_ZONE=@@TIME_ZONE */;
/*!40103 SET TIME_ZONE='+00:00' */;
/*!40014 SET @OLD_UNIQUE_CHECKS=@@UNIQUE_CHECKS, UNIQUE_CHECKS=0 */;
/*!40014 SET @OLD_FOREIGN_KEY_CHECKS=@@FOREIGN_KEY_CHECKS, FOREIGN_KEY_CHECKS=0 */;
/*!40101 SET @OLD_SQL_MODE=@@SQL_MODE, SQL_MODE='NO_AUTO_VALUE_ON_ZERO' */;
/*!40111 SET @OLD_SQL_NOTES=@@SQL_NOTES, SQL_NOTES=0 */;

--
-- Current Database: `proyectoingles`
--

CREATE DATABASE /*!32312 IF NOT EXISTS*/ `proyectoingles` /*!40100 DEFAULT CHARACTER SET utf8mb4 COLLATE utf8mb4_0900_ai_ci */ /*!80016 DEFAULT ENCRYPTION='N' */;

USE `proyectoingles`;

--
-- Table structure for table `administrador`
--

DROP TABLE IF EXISTS `administrador`;
/*!40101 SET @saved_cs_client     = @@character_set_client */;
/*!50503 SET character_set_client = utf8mb4 */;
CREATE TABLE `administrador` (
  `id_Administrador` int NOT NULL AUTO_INCREMENT,
  `id_empleado` int NOT NULL,
  `estado` enum('activo','inactivo') DEFAULT NULL,
  PRIMARY KEY (`id_Administrador`),
  KEY `id_empleado` (`id_empleado`),
  CONSTRAINT `administrador_ibfk_1` FOREIGN KEY (`id_empleado`) REFERENCES `empleado` (`id_empleado`)
) ENGINE=InnoDB AUTO_INCREMENT=7 DEFAULT CHARSET=utf8mb4 COLLATE=utf8mb4_0900_ai_ci;
/*!40101 SET character_set_client = @saved_cs_client */;

--
-- Dumping data for table `administrador`
--

LOCK TABLES `administrador` WRITE;
/*!40000 ALTER TABLE `administrador` DISABLE KEYS */;
INSERT INTO `administrador` VALUES (1,21,'activo'),(2,22,'activo'),(3,23,'activo'),(4,24,'activo'),(5,25,'activo'),(6,26,'activo');
/*!40000 ALTER TABLE `administrador` ENABLE KEYS */;
UNLOCK TABLES;

--
-- Table structure for table `asistencia`
--

DROP TABLE IF EXISTS `asistencia`;
/*!40101 SET @saved_cs_client     = @@character_set_client */;
/*!50503 SET character_set_client = utf8mb4 */;
CREATE TABLE `asistencia` (
  `id_asistencia` int NOT NULL AUTO_INCREMENT,
  `id_Grupo` int DEFAULT NULL,
  `nControl` int DEFAULT NULL,
  `fecha` date DEFAULT NULL,
  PRIMARY KEY (`id_asistencia`),
  KEY `id_Grupo` (`id_Grupo`),
  KEY `nControl` (`nControl`),
  CONSTRAINT `asistencia_ibfk_1` FOREIGN KEY (`id_Grupo`) REFERENCES `grupo` (`id_Grupo`),
  CONSTRAINT `asistencia_ibfk_2` FOREIGN KEY (`nControl`) REFERENCES `estudiante` (`nControl`)
) ENGINE=InnoDB AUTO_INCREMENT=49 DEFAULT CHARSET=utf8mb4 COLLATE=utf8mb4_0900_ai_ci;
/*!40101 SET character_set_client = @saved_cs_client */;

--
-- Dumping data for table `asistencia`
--

LOCK TABLES `asistencia` WRITE;
/*!40000 ALTER TABLE `asistencia` DISABLE KEYS */;
INSERT INTO `asistencia` VALUES (1,1,1000,'2025-11-01'),(2,2,1001,'2025-11-02'),(3,3,1002,'2025-11-03'),(4,4,1003,'2025-11-04'),(5,5,1004,'2025-11-05'),(6,6,1005,'2025-11-06'),(7,7,1006,'2025-11-07'),(8,8,1007,'2025-11-08'),(9,9,1008,'2025-11-09'),(10,10,1009,'2025-11-10'),(11,11,1010,'2025-11-11'),(12,12,1011,'2025-11-12'),(13,13,1012,'2025-11-13'),(14,14,1013,'2025-11-14'),(15,15,1014,'2025-11-15'),(16,16,1015,'2025-11-16'),(17,17,1016,'2025-11-17'),(18,18,1017,'2025-11-18'),(19,19,1018,'2025-11-19'),(20,20,1019,'2025-11-20'),(21,1,1020,'2025-11-21'),(22,2,1021,'2025-11-22'),(23,3,1022,'2025-11-23'),(24,4,1023,'2025-11-24'),(25,5,1024,'2025-11-25'),(26,6,1025,'2025-11-26'),(27,7,1026,'2025-11-27'),(28,8,1027,'2025-11-28'),(29,9,1028,'2025-11-29'),(30,10,1029,'2025-11-30'),(31,11,1030,'2025-12-01'),(32,12,1031,'2025-12-02'),(33,13,1032,'2025-12-03'),(34,14,1033,'2025-12-04'),(35,15,1034,'2025-12-05'),(36,16,1035,'2025-12-06'),(37,17,1036,'2025-12-07'),(38,18,1037,'2025-12-08'),(39,19,1038,'2025-12-09'),(40,20,1039,'2025-12-10'),(41,1,1040,'2025-12-11'),(42,2,1041,'2025-12-12'),(43,3,1042,'2025-12-13'),(44,4,1043,'2025-12-14'),(45,5,1044,'2025-12-15'),(46,6,1045,'2025-12-16'),(47,3,1022,'2025-11-28'),(48,3,1042,'2025-11-28');
/*!40000 ALTER TABLE `asistencia` ENABLE KEYS */;
UNLOCK TABLES;

--
-- Table structure for table `calificaciones`
--

DROP TABLE IF EXISTS `calificaciones`;
/*!40101 SET @saved_cs_client     = @@character_set_client */;
/*!50503 SET character_set_client = utf8mb4 */;
CREATE TABLE `calificaciones` (
  `id_Calificaciones` int NOT NULL AUTO_INCREMENT,
  `nControl` int NOT NULL,
  `parcial1` int DEFAULT NULL,
  `parcial2` int DEFAULT NULL,
  `parcial3` int DEFAULT NULL,
  `final` int DEFAULT NULL,
  `id_nivel` int DEFAULT NULL,
  `id_Periodo` int DEFAULT NULL,
  `id_Grupo` int DEFAULT NULL,
  PRIMARY KEY (`id_Calificaciones`),
  KEY `nControl` (`nControl`),
  KEY `id_nivel` (`id_nivel`),
  KEY `id_Periodo` (`id_Periodo`),
  KEY `id_Grupo` (`id_Grupo`),
  CONSTRAINT `calificaciones_ibfk_1` FOREIGN KEY (`nControl`) REFERENCES `estudiante` (`nControl`),
  CONSTRAINT `calificaciones_ibfk_2` FOREIGN KEY (`id_nivel`) REFERENCES `nivel` (`id_Nivel`),
  CONSTRAINT `calificaciones_ibfk_3` FOREIGN KEY (`id_Periodo`) REFERENCES `periodo` (`id_Periodo`),
  CONSTRAINT `calificaciones_ibfk_4` FOREIGN KEY (`id_Grupo`) REFERENCES `grupo` (`id_Grupo`)
) ENGINE=InnoDB AUTO_INCREMENT=68 DEFAULT CHARSET=utf8mb4 COLLATE=utf8mb4_0900_ai_ci;
/*!40101 SET character_set_client = @saved_cs_client */;

--
-- Dumping data for table `calificaciones`
--

LOCK TABLES `calificaciones` WRITE;
/*!40000 ALTER TABLE `calificaciones` DISABLE KEYS */;
INSERT INTO `calificaciones` VALUES (1,1000,69,69,81,66,0,1,1),(2,1001,93,67,81,78,1,2,2),(3,1002,91,100,76,91,2,1,3),(4,1003,60,79,66,99,3,2,4),(5,1004,89,60,93,70,4,1,5),(6,1005,82,67,97,76,5,2,6),(7,1006,85,95,86,64,6,1,7),(8,1007,87,87,80,96,0,2,8),(9,1008,99,87,87,81,1,1,9),(10,1009,97,74,61,67,2,2,10),(11,1010,93,98,98,98,3,1,11),(12,1011,64,92,71,79,4,2,12),(13,1012,67,64,82,78,5,1,13),(14,1013,96,64,92,95,6,2,14),(15,1014,83,65,86,87,0,1,15),(16,1015,99,83,82,96,1,2,16),(17,1016,92,82,85,94,2,1,17),(18,1017,96,96,80,97,3,2,18),(19,1018,76,60,88,75,4,1,19),(20,1019,65,81,92,64,5,2,20),(21,1020,74,70,70,95,6,1,1),(22,1021,88,100,97,82,0,2,2),(23,1022,66,87,68,62,1,1,3),(24,1023,65,61,72,81,2,2,4),(25,1024,100,82,80,97,3,1,5),(26,1025,98,93,65,67,4,2,6),(27,1026,70,75,68,60,5,1,7),(28,1027,87,85,67,70,6,2,8),(29,1028,73,76,70,96,0,1,9),(30,1029,92,80,62,62,1,2,10),(31,1030,76,91,75,70,2,1,11),(32,1031,71,76,74,62,3,2,12),(33,1032,70,91,90,96,4,1,13),(34,1033,61,95,93,98,5,2,14),(35,1034,68,79,70,97,6,1,15),(36,1035,86,95,85,75,0,2,16),(37,1036,60,81,68,93,1,1,17),(38,1037,79,72,98,72,2,2,18),(39,1038,73,64,87,78,3,1,19),(40,1039,92,60,94,83,4,2,20),(41,1040,86,75,71,78,5,1,1),(42,1041,95,66,82,66,6,2,2),(43,1042,100,96,70,92,0,1,3),(44,1043,78,63,91,80,1,2,4),(45,1044,91,68,88,78,2,1,5),(46,1045,77,76,84,60,3,2,6),(47,1046,81,77,84,72,4,1,7),(48,2024051,80,NULL,NULL,80,6,2,22),(49,2024032,80,NULL,NULL,80,6,2,22),(50,2024049,80,NULL,NULL,80,6,2,22),(51,2024024,80,NULL,NULL,80,6,2,22),(52,2024117,80,NULL,NULL,80,6,2,22),(53,2024168,70,NULL,NULL,70,6,2,22),(54,2024095,60,NULL,NULL,60,6,2,22),(55,2024008,60,NULL,NULL,60,6,2,22),(56,2024088,75,NULL,NULL,75,6,2,22),(57,2024034,78,NULL,NULL,78,6,2,22),(58,2024078,66,NULL,NULL,66,6,2,22),(59,2024021,88,NULL,NULL,88,6,2,22),(60,2024105,98,NULL,NULL,98,6,2,22),(61,2024123,100,NULL,NULL,100,6,2,22),(62,2024155,100,NULL,NULL,100,6,2,22),(63,2024175,69,NULL,NULL,69,6,2,22),(64,2024135,78,NULL,NULL,78,6,2,22),(65,2024074,91,NULL,NULL,91,6,2,22),(66,2024119,67,NULL,NULL,67,6,2,22),(67,2024182,66,NULL,NULL,66,6,2,22);
/*!40000 ALTER TABLE `calificaciones` ENABLE KEYS */;
UNLOCK TABLES;

--
-- Table structure for table `catalogoestudios`
--

DROP TABLE IF EXISTS `catalogoestudios`;
/*!40101 SET @saved_cs_client     = @@character_set_client */;
/*!50503 SET character_set_client = utf8mb4 */;
CREATE TABLE `catalogoestudios` (
  `id_Estudio` int NOT NULL AUTO_INCREMENT,
  `nivelEstudio` varchar(50) DEFAULT NULL,
  PRIMARY KEY (`id_Estudio`)
) ENGINE=InnoDB AUTO_INCREMENT=5 DEFAULT CHARSET=utf8mb4 COLLATE=utf8mb4_0900_ai_ci;
/*!40101 SET character_set_client = @saved_cs_client */;

--
-- Dumping data for table `catalogoestudios`
--

LOCK TABLES `catalogoestudios` WRITE;
/*!40000 ALTER TABLE `catalogoestudios` DISABLE KEYS */;
INSERT INTO `catalogoestudios` VALUES (1,'Licenciatura'),(2,'Maestría'),(3,'Doctorado'),(4,'Diplomado');
/*!40000 ALTER TABLE `catalogoestudios` ENABLE KEYS */;
UNLOCK TABLES;

--
-- Table structure for table `catalogohorarios`
--

DROP TABLE IF EXISTS `catalogohorarios`;
/*!40101 SET @saved_cs_client     = @@character_set_client */;
/*!50503 SET character_set_client = utf8mb4 */;
CREATE TABLE `catalogohorarios` (
  `id_cHorario` int NOT NULL AUTO_INCREMENT,
  `ubicacion` varchar(50) DEFAULT NULL,
  `diaSemana` varchar(20) DEFAULT NULL,
  `hora` varchar(20) DEFAULT NULL,
  `estado` enum('activo','inactivo') DEFAULT NULL,
  PRIMARY KEY (`id_cHorario`)
) ENGINE=InnoDB AUTO_INCREMENT=42 DEFAULT CHARSET=utf8mb4 COLLATE=utf8mb4_0900_ai_ci;
/*!40101 SET character_set_client = @saved_cs_client */;

--
-- Dumping data for table `catalogohorarios`
--

LOCK TABLES `catalogohorarios` WRITE;
/*!40000 ALTER TABLE `catalogohorarios` DISABLE KEYS */;
INSERT INTO `catalogohorarios` VALUES (1,'Nodo','Martes-Jueves','08:00:00','activo'),(2,'Tecnologico','Miercoles-Viernes','09:00:00','activo'),(3,'Nodo','Sabado','10:00:00','activo'),(4,'Tecnologico','Domingo','11:00:00','activo'),(5,'Nodo','Lunes-Miercoles','12:00:00','activo'),(6,'Tecnologico','Martes-Jueves','13:00:00','activo'),(7,'Nodo','Miercoles-Viernes','14:00:00','activo'),(8,'Tecnologico','Sabado','15:00:00','activo'),(9,'Nodo','Domingo','16:00:00','activo'),(10,'Tecnologico','Lunes-Miercoles','17:00:00','activo'),(11,'Nodo','Martes-Jueves','18:00:00','activo'),(12,'Tecnologico','Miercoles-Viernes','07:00:00','activo'),(13,'Nodo','Sabado','08:00:00','activo'),(14,'Tecnologico','Domingo','09:00:00','activo'),(15,'Nodo','Lunes-Miercoles','10:00:00','activo'),(16,'Tecnologico','Martes-Jueves','11:00:00','activo'),(17,'Nodo','Miercoles-Viernes','12:00:00','activo'),(18,'Tecnologico','Sabado','13:00:00','activo'),(19,'Nodo','Domingo','14:00:00','activo'),(20,'Tecnologico','Lunes-Miercoles','15:00:00','activo'),(21,'Nodo','Martes-Jueves','16:00:00','activo'),(22,'Tecnologico','Miercoles-Viernes','17:00:00','activo'),(23,'Nodo','Sabado','18:00:00','activo'),(24,'Tecnologico','Domingo','07:00:00','activo'),(25,'Nodo','Lunes-Miercoles','08:00:00','activo'),(26,'Tecnologico','Martes-Jueves','09:00:00','activo'),(27,'Nodo','Miercoles-Viernes','10:00:00','activo'),(28,'Tecnologico','Sabado','11:00:00','activo'),(29,'Nodo','Domingo','12:00:00','activo'),(30,'Tecnologico','Lunes-Miercoles','13:00:00','activo'),(31,'Nodo','Martes-Jueves','14:00:00','activo'),(32,'Tecnologico','Miercoles-Viernes','15:00:00','activo'),(33,'Nodo','Sabado','16:00:00','activo'),(34,'Tecnologico','Domingo','17:00:00','activo'),(35,'Nodo','Lunes-Miercoles','18:00:00','activo'),(36,'Tecnologico','Martes-Jueves','07:00:00','activo'),(37,'Nodo','Miercoles-Viernes','08:00:00','activo'),(38,'Tecnologico','Sabado','09:00:00','activo'),(39,'Nodo','Domingo','10:00:00','activo'),(40,'Tecnologico','Lunes-Miercoles','11:00:00','activo'),(41,'Tecnologico','Lunes-Miercoles','09:00-11:00','activo');
/*!40000 ALTER TABLE `catalogohorarios` ENABLE KEYS */;
UNLOCK TABLES;

--
-- Table structure for table `coordinador`
--

DROP TABLE IF EXISTS `coordinador`;
/*!40101 SET @saved_cs_client     = @@character_set_client */;
/*!50503 SET character_set_client = utf8mb4 */;
CREATE TABLE `coordinador` (
  `id_Coordinador` int NOT NULL AUTO_INCREMENT,
  `id_empleado` int NOT NULL,
  `estado` enum('activo','inactivo') DEFAULT NULL,
  PRIMARY KEY (`id_Coordinador`),
  KEY `id_empleado` (`id_empleado`),
  CONSTRAINT `coordinador_ibfk_1` FOREIGN KEY (`id_empleado`) REFERENCES `empleado` (`id_empleado`)
) ENGINE=InnoDB DEFAULT CHARSET=utf8mb4 COLLATE=utf8mb4_0900_ai_ci;
/*!40101 SET character_set_client = @saved_cs_client */;

--
-- Dumping data for table `coordinador`
--

LOCK TABLES `coordinador` WRITE;
/*!40000 ALTER TABLE `coordinador` DISABLE KEYS */;
/*!40000 ALTER TABLE `coordinador` ENABLE KEYS */;
UNLOCK TABLES;

--
-- Table structure for table `datospersonales`
--

DROP TABLE IF EXISTS `datospersonales`;
/*!40101 SET @saved_cs_client     = @@character_set_client */;
/*!50503 SET character_set_client = utf8mb4 */;
CREATE TABLE `datospersonales` (
  `id_dp` int NOT NULL AUTO_INCREMENT,
  `apellidoPaterno` varchar(50) DEFAULT NULL,
  `apellidoMaterno` varchar(50) DEFAULT NULL,
  `nombre` varchar(50) DEFAULT NULL,
  `email` varchar(100) DEFAULT NULL,
  `genero` varchar(30) DEFAULT NULL,
  `CURP` varchar(40) DEFAULT NULL,
  `telefono` varchar(50) DEFAULT NULL,
  `direccion` varchar(255) DEFAULT NULL,
  PRIMARY KEY (`id_dp`)
) ENGINE=InnoDB AUTO_INCREMENT=401 DEFAULT CHARSET=utf8mb4 COLLATE=utf8mb4_0900_ai_ci;
/*!40101 SET character_set_client = @saved_cs_client */;

--
-- Dumping data for table `datospersonales`
--

LOCK TABLES `datospersonales` WRITE;
/*!40000 ALTER TABLE `datospersonales` DISABLE KEYS */;
INSERT INTO `datospersonales` VALUES (1,'Menchaca','Maya','Humberto','francisco44@example.org','Femenino','A1JNJDOEQ4P92GGOMK','+83(5)6544340743','Continuación Ornelas 427 Interior 679 Vieja Granada, CHIS 24016-0844'),(2,'Olivares','Alva','Lilia','marcos43@example.org','Femenino','16RYRYH2BE9GN6KTOP','(386)274-4000','Cerrada Tayikistán 669 Interior 899 Vieja Costa Rica, CHIH 02173'),(3,'Tejeda','Alfaro','Silvia','felipe95@example.org','Femenino','F1TB6X8D1MOX5YH4BS','(915)277-6380x15067','Calzada Tamaulipas 036 Interior 288 San Vanesa de la Montaña, MOR 39473'),(4,'Reyes','Leal','Yolanda','rubyarreola@example.net','Femenino','3ED74ZZXAT73O2GSR','+03(3)7883316903','Ampliación Gabón 043 Interior 857 Vieja Côte d'),(5,'Saiz','Narváez','Jaime','bruno91@example.com','Masculino','DFILV2ZDJJGNCSTQPF','(221)128-0427x9321','Burundi'),(6,'Meza','Ceballos','Aida','menchacamarisol@example.net','Femenino','8OU8SPDGCO90EXVMNE','1-561-780-7538x128','Privada Ucrania 786 Interior 164 San Aldo los bajos, NL 72608'),(7,'Benítez','Casanova','Araceli','tamayoramiro@example.org','Masculino','5NSHHC94UBK9OAXCDF','(999)292-0834x2686','Calle Rivero 244 Interior 754 San María Luisa de la Montaña, VER 70591'),(8,'Sanches','Ochoa','Abel','dlira@example.net','Femenino','ZT1BVJJF8JL7SQ8N6H','(015)735-3988','Pasaje Anaya 429 Interior 362 San Carlota los altos, HGO 11073'),(9,'Zúñiga','Rocha','Ivonne','ortatrinidad@example.org','Femenino','HIE9L73AVPK7R2TVXO','00838948074','Avenida Distrito Federal 645 Interior 730 San Alberto de la Montaña, MEX 39465'),(10,'Bétancourt','Tovar','Amador','urielsolis@example.net','Femenino','RQEMS2BQ57ZD31MXLO','1-715-879-4870','Eje vial Viera 606 Edif. 038 , Depto. 553 Nueva Djibouti, TAB 44787'),(11,'de la Crúz','Meléndez','Rodolfo','palomomodesto@example.com','Masculino','38OE2AN58P3UWGVTKW','168.093.4120','Calzada Guerrero 355 420 Nueva Liberia, NL 97701'),(12,'Guerrero','Gallardo','Eloisa','rinconadela@example.org','Masculino','F80CAA1VR1C0MGZYI8','1-600-282-0797x259','Calzada Nayarit 248 Interior 163 San Caridad los bajos, ZAC 31143'),(13,'Nájera','Monroy','Luz','qnieto@example.org','Masculino','SZWS080JO4XT0YAP7X','1-204-369-8901','Cerrada Colima 726 Edif. 823 , Depto. 830 San Eugenio los bajos, NL 65857'),(14,'Martínez','Ureña','Elvia','rojocarlos@example.org','Masculino','Y050T528DO1LLBDWF9','1-751-314-3468x806','Avenida Concepción 508 Interior 414 San Raquel los bajos, PUE 54578'),(15,'Botello','Páez','Micaela','duartealdo@example.net','Femenino','NZXHSZ7B2JRPEVTPKU','416-274-2414x322','Cerrada Martínez 965 Edif. 034 , Depto. 145 San Eloisa los altos, MEX 47921-1420'),(16,'Tirado','Báez','Eugenia','zmalave@example.org','Femenino','XAEPZBSH4C0NVWNI0X','06154076624','Calle Sur Santiago 589 Interior 467 San Aurora los altos, TAMPS 98867-0134'),(17,'Malave','Manzanares','Margarita','erodriquez@example.org','Femenino','QB7PG6CBWDVA8U9ED4','(561)875-0588','Avenida Sur Carreón 639 Interior 855 San Camilo los altos, VER 20588'),(18,'Henríquez','Orozco','Nelly','guillerminacaraballo@example.com','Masculino','N40UEA8ZNSOMDRZ6VO','136.848.1747x58097','Andador Quintana Roo 074 Edif. 263 , Depto. 911 Vieja Eslovenia, QRO 53307'),(19,'Hernádez','Tapia','Pablo','hdelgado@example.net','Masculino','KPBFZ8K0BFQNW2664W','+82(9)4018325980','Peatonal Zacatecas 034 442 Nueva Mozambique, MOR 64457'),(20,'Ceballos','Batista','Federico','conchita04@example.net','Femenino','38ZWKJLTBI58BD0B09','+39(5)9956558319','Calzada Páez 030 Interior 160 Nueva Guinea, JAL 20839'),(21,'Parra','Oquendo','Ana','lindabustamante@example.com','Masculino','7CSZ9HD0GHBXVVQ9NP','440.613.1561x473','Periférico Briseño 361 981 San Germán los altos, TAB 86860-2275'),(22,'Sanches','Mata','Enrique','rinconmicaela@example.net','Masculino','BZ3HE63M2YC75L5A1H','1-973-043-6395x380','Pasaje Rwanda 589 Edif. 667 , Depto. 175 San Elias los bajos, HGO 53899'),(23,'Mejía','Regalado','Óliver','pblanco@example.net','Femenino','YNB073W4D20ETC5DIQ','1-547-211-2721x902','Calzada Sur Toro 036 Edif. 429 , Depto. 114 Nueva Cabo Verde, CHIS 42272'),(24,'Ibarra','Barraza','Joaquín','jgodoy@example.org','Femenino','EFSQUCRKFC92TG6R0P','311-593-6559x07833','Periférico Sonora 182 584 Nueva Sudán, GTO 20510-3807'),(25,'Caldera','Velázquez','Juan','alejandramonroy@example.com','Masculino','3HQ4FTJ6NM79E0V3PJ','(484)065-3391x78998','Prolongación Norte Fajardo 315 149 Nueva Niger, OAX 33949-6774'),(26,'Vanegas','Duarte','Jacobo','maria-teresa86@example.org','Masculino','H797OL71UJT346JY1','145.144.7791x855','Calzada Sur Granado 682 Interior 525 Vieja Mauritania, QRO 29972'),(27,'Collado','Gil','Jos','jose26@example.com','Masculino','LJFIRKDKZNUBUWUQZ6','1-707-820-3036','Continuación Almonte 150 Edif. 253 , Depto. 662 San Lorenzo los bajos, BCS 26325'),(28,'Robles','Delgadillo','Felipe','peresemiliano@example.net','Femenino','AWVQSE3HPABY0LIKNT','871-617-1683x1048','Calle Alcala 666 007 Nueva India, NAY 55257-5503'),(29,'Mata','Corrales','Elsa','uzamudio@example.net','Masculino','VRNT4LM2B5UHXGB3HW','641.008.7881','Boulevard Myanmar 101 Edif. 485 , Depto. 695 Vieja Mauricio, MEX 67444'),(30,'Lemus','Vélez','Sonia','ualmanza@example.net','Femenino','P98CM7FXA4S2GZZZHD','1-433-315-1866','Continuación Sur Trejo 478 Interior 940 San Alonso de la Montaña, DF 45272'),(31,'Botello','Calderón','Nancy','ramon11@example.com','Femenino','RW50DGHPL5BRC7UT2I','+93(3)5218982090','Corredor Granada 594 Interior 585 San Uriel los bajos, GTO 75725-7846'),(32,'Gurule','Ordóñez','Carlos','jaime66@example.com','Femenino','MJYOGAUPZLACA9PI49','1-803-077-6407x2628','Pasaje Singapur 077 Interior 321 San Indira los altos, NAY 08760-4649'),(33,'Bahena','Guillen','Antonio','silvano60@example.com','Femenino','HJNLJ2SQF23K0T91QF','01459678145','Boulevard Armenia 710 435 San Nadia los altos, TLAX 73846-6842'),(34,'Espino','Bahena','Oswaldo','hfarias@example.com','Femenino','7EYPZLWTDYF2WGHPF3','(289)130-1706','Circuito Norte Domínguez 631 Edif. 365 , Depto. 412 San Beatriz de la Montaña, TAB 66985-6686'),(35,'Anaya','Menchaca','Guadalupe','rodolfoherrera@example.net','Masculino','MQ10QVON92TJUCZ8X7','271.031.6610x0584','Privada Paraguay 933 Edif. 298 , Depto. 744 Vieja Pakistán, OAX 74109'),(36,'Saldivar','Pabón','Sara','rsalcido@example.net','Femenino','DBWUCC5NK65VUAKZLZ','(034)886-4486x4371','Ampliación de Anda 662 Interior 847 San Berta de la Montaña, COL 48039'),(37,'Almanza','Burgos','Raúl','ureynoso@example.com','Femenino','PMRN87UTP11DPW2PXC','399.313.9132','Boulevard Saldaña 227 760 San Eloy los bajos, SIN 94673'),(38,'Longoria','Samaniego','Marisol','irma08@example.org','Masculino','29YV6W0ECKD7RB0CO2','(012)513-6321x0845','Diagonal Swazilandia 077 Edif. 561 , Depto. 662 Nueva Tonga, MICH 63064'),(39,'Cedillo','Villalpando','Angélica','rinconirene@example.net','Femenino','X3M7SUC0AVTRBSI61','845.521.1626','Periférico República de Moldova 383 Interior 962 San Cristian los altos, SON 84174'),(40,'Villagómez','Guevara','Esparta','estela86@example.net','Masculino','4WEMVGRKB6WR83S48N','(871)351-0501x5833','Andador México 291 Interior 623 San Gabriel los bajos, VER 21897'),(41,'Alonzo','Limón','Gregorio','itzelotero@example.com','Masculino','YINPV2UCVZNKHVDK2Y','124-753-8312x1694','Viaducto Gallegos 759 840 Vieja Grecia, TLAX 71542'),(42,'Ramírez','Viera','Amanda','grijalvaariadna@example.net','Femenino','ZOQOD1RM385BQ7I0GR','782.413.4244','Prolongación Polonia 319 Interior 106 Vieja Vanuatu, YUC 06044'),(43,'Collado','Santiago','Óscar','hgarrido@example.org','Masculino','VZWHQBC25SY40UY0E2','+34(3)0697091533','Calle Partida 452 485 San Humberto los bajos, NAY 01133'),(44,'Montes','Gaytán','Pablo','jose-maria58@example.net','Femenino','QG462GQUNXDGL0DN6O','(542)838-8862x097','Privada Pineda 695 Interior 903 San Victoria los altos, BC 75593-7774'),(45,'Saldivar','Molina','Oswaldo','soloriowilfrido@example.org','Femenino','36BTWSA7IGLBN2WFGU','(272)859-3234','Calle Baja California Sur 469 954 Vieja Saint Kitts y Nevis, ZAC 69034-3026'),(46,'Pelayo','Saldaña','Patricia','roqueelvia@example.org','Masculino','RR3KOIULVXFRPJF66J','786.582.0252','Retorno Sur Montalvo 344 572 San Estefanía los altos, YUC 31142'),(47,'Apodaca','Cepeda','Jerónimo','cabanfrancisco-javier@example.org','Femenino','1VQSYCNAVBFFASDLTW','382.213.9481x31236','Eje vial Nuevo León 897 266 Vieja Panamá, VER 77229'),(48,'Toledo','Marrero','Salvador','lucerocristina@example.com','Masculino','CAXVIIWPTI8DJJU9UE','1-071-157-5222x994','Retorno Canadá 214 Edif. 740 , Depto. 685 San Juana de la Montaña, ZAC 07982'),(49,'Meza','Cintrón','Cornelio','vtovar@example.net','Femenino','U0KKTU728ZB5XVMYA8','877-324-0604x176','Diagonal Chiapas 630 Interior 085 San Abel los altos, TLAX 92827-6626'),(50,'Porras','Luna','Marcela','danielaurrutia@example.net','Femenino','G91XLCWO1I87P10E0R','1-590-962-6627x376','Ampliación República Árabe Siria 428 780 Nueva República Árabe Siria, MEX 22858-7542'),(51,'Farías','Salinas','Silvia','ricardo31@example.org','Masculino','T5EJ79NPTJ7Y3LEXLC','(717)028-9367','Callejón Sur Marrero 083 Interior 199 Nueva Chad, DF 34976-9274'),(52,'Gamez','Dueñas','Martín','nrojas@example.com','Femenino','KQMM7IV3Q2VR757IEY','305-766-4200x5917','Continuación Norte Jasso 042 754 San Isaac los altos, TAB 91207-2363'),(53,'Olmos','Griego','Victoria','esther58@example.com','Masculino','4L6YFATCNIFROW6SHL','644.372.2616x9099','Diagonal Trinidad y Tabago 173 Edif. 992 , Depto. 087 San Alta  Gracia de la Montaña, ZAC 28151'),(54,'Ledesma','Montalvo','Natividad','zeferino47@example.org','Femenino','79TT97PLQXJ9C656CX','697.593.0861x5855','Viaducto Distrito Federal 507 Edif. 283 , Depto. 896 Vieja Italia, DGO 45281'),(55,'Serna','Fierro','Daniel','yolanda59@example.org','Femenino','EPU36BCMIY1A3R477A','282.284.2813','Boulevard Arredondo 168 Interior 151 Nueva Colombia, QRO 28098-9698'),(56,'Farías','Bahena','Adela','ana-maria57@example.org','Femenino','RJEBZ2IGN0JRE5YE5E','721-302-1140x6612','Eje vial Vietman 499 Interior 022 Nueva Letonia, MICH 19057-6622'),(57,'Nieves','Navarrete','Yolanda','oviera@example.net','Masculino','RRNUBR186KF3JQLINV','+16(0)4949752543','Pasaje Guanajuato 060 Interior 756 Nueva Etiopía, JAL 36932-1695'),(58,'Montaño','Saucedo','Nelly','ozuniga@example.net','Femenino','2E339F3O8HAOUXASDH','1-752-577-3485x032','Calzada Nayarit 503 Edif. 871 , Depto. 175 San Tomás de la Montaña, CHIS 79729-4053'),(59,'Vélez','Burgos','Violeta','maximilianocasanova@example.com','Masculino','TBAYRIPS8466DDN5WR','536.780.2704x2587','Diagonal Francia 774 Edif. 356 , Depto. 074 San Gabriela los bajos, SIN 37170-9005'),(60,'Salgado','Enríquez','José','indira77@example.net','Masculino','PM1HH90FDKMKJPFZVI','165-780-2026x5308','Retorno Dinamarca 685 660 Nueva Lesotho, COAH 97191-4788'),(61,'Arteaga','Quiñónez','Oswaldo','corneliotejeda@example.com','Masculino','6C6IUR2MOPJVL4SQGE','+15(9)1174598113','Calzada Sur Leiva 876 417 San María de la Montaña, COL 55073'),(62,'Domínguez','Cadena','Benjamín','nancybonilla@example.org','Masculino','ONGK1DSZA4J8UZ3AQD','+22(9)2383399112','Andador República de Corea 272 329 San Marisol los bajos, COAH 78091-2873'),(63,'Torres','Alvarez','Jesus','hgurule@example.com','Masculino','8G5ZXRCFEBCNGRV4DL','3512792934','Privada San Pablo 1'),(64,'Quesada','Monroy','Magdalena','ehenriquez@example.com','Masculino','EPTIC3CIIL3QOL3NPA','+35(3)3611076231','Privada Indonesia 100 Interior 778 Vieja Fiji, QRO 60560'),(65,'Valles','Navarrete','Julia','rvillalobos@example.net','Masculino','Q4DBUNI5QB6BI9PW36','(834)051-4187','Calzada Guanajuato 936 Edif. 610 , Depto. 843 Vieja Bangladesh, DGO 31723'),(66,'Arguello','Caldera','Antonio','avilesjose-luis@example.com','Femenino','YYE4MXH6G6746CWVBS','825-875-9563','Peatonal Singapur 799 Interior 495 San Sara los bajos, COAH 97353'),(67,'Rojo','Carrasco','Alicia','silvia78@example.com','Femenino','2NFSFIHP6PP1ZRZX3K','01361618637','Diagonal Sur Ornelas 434 Interior 333 San Carolina de la Montaña, SON 19930-8532'),(68,'Manzanares','Almanza','Mauro','vzarate@example.org','Masculino','SW8PP5LIHLKZAVOHJ8','1-475-070-2993x896','Pasaje Croacia 740 Interior 457 San Raúl los bajos, TAMPS 09749-6938'),(69,'Villagómez','Olmos','Susana','marisolguerrero@example.net','Masculino','7L4Q9OGGS7VXHAG9T8','(285)234-4366x1792','Boulevard Puebla 167 Edif. 338 , Depto. 520 Nueva Cabo Verde, OAX 23421-7717'),(70,'Domínguez','Guerra','Andrea','teresacantu@example.com','Masculino','YPVSFQLQKHJSWOAPMG','04024745434','Peatonal Tamaulipas 001 Edif. 306 , Depto. 488 Nueva Nicaragua, SON 23116'),(71,'Berríos','Pichardo','Alberto','luisagaray@example.net','Masculino','5J4AVXWI6I3245UTQ9','593-753-5866x95108','Pasaje Norte Peres 229 454 Nueva Tayikistán, Q. ROO 24098-6126'),(72,'Olivares','Ponce','Modesto','angelavelasquez@example.com','Femenino','KV3980GICSUHRE4A8Q','228.879.4070','Cerrada Rascón 796 Interior 886 Vieja Cabo Verde, TLAX 09643-0682'),(73,'Farías','Holguín','Tomás','rufino84@example.net','Femenino','SB0IG7S7UXPGUEW5TP','1-340-721-7805x4630','Eje vial Ramón 196 Interior 367 San Josefina los bajos, DGO 15935'),(74,'Gamez','Rascón','Eloisa','dulce-maria47@example.net','Femenino','OIUOZYL18ALXHUVF6K','1-196-722-7857x1860','Viaducto Bétancourt 024 Edif. 388 , Depto. 738 San Evelio de la Montaña, DGO 43156'),(75,'Jaimes','Benavídez','Helena','cejamanuel@example.net','Masculino','VIUB1SRX2CBGQI2UYM','1-627-773-6779x388','Calzada Norte Rojas 383 Edif. 300 , Depto. 485 San Mario los altos, SIN 17380'),(76,'Rocha','Medina','María José','salcidofrancisco-javier@example.org','Femenino','OC3C6GGSBIW6FN9YE','857-554-3954','Andador Tlaxcala 752 Interior 864 San Francisca los bajos, SON 20815-7973'),(77,'Raya','Montemayor','Juan Carlos','qtapia@example.net','Masculino','VXCERODD820SCK35I4','+57(2)2301188567','Circuito Distrito Federal 102 018 San Javier los bajos, NAY 31557'),(78,'Jaime','Carrasco','Jesús','dcasanova@example.org','Femenino','MFX1EUEJ84TY152VX9','643-764-8272x7184','Diagonal Sur Leiva 965 Edif. 069 , Depto. 360 Nueva Túnez, Q. ROO 74839'),(79,'Villagómez','Maestas','Rodolfo','menendezeloy@example.org','Femenino','9E5FYO69PFCISRDIC5','1-605-779-6388x6087','Circunvalación Sur Aguilar 339 Edif. 688 , Depto. 026 Vieja Irán, CHIH 02448-5279'),(80,'Niño','Espinoza','Amador','mariselaurena@example.com','Masculino','3QSFT9CAPS6OLW8J1S','521-181-2818x489','Continuación Norte del Valle 338 182 San Jerónimo de la Montaña, NAY 64595-1175'),(81,'Narváez','Gollum','Nancy','cristinajuarez@example.net','Masculino','1Q4EG0DX5XUSQCAANY','603-607-9792x435','Prolongación Sur Lozano 044 479 San Wilfrido los altos, CHIS 61583'),(82,'Apodaca','Bahena','Mauro','elisamorales@example.org','Femenino','OZ5IVDBS3IJA3781WX','1-463-304-8831x627','Boulevard Barreto 094 354 San Úrsula los altos, TAB 42367-4222'),(83,'Murillo','Villalobos','Úrsula','zduran@example.org','Masculino','LXHONVCTRUUJQI4V11','1-995-466-4497','Boulevard Salcedo 567 920 Nueva Gabón, HGO 04347'),(84,'Muñiz','Romero','Teodoro','mpineda@example.net','Masculino','MKRBZYK66A32YGG0VZ','793.472.3323','Calle Norte Escobedo 005 Edif. 347 , Depto. 424 San Úrsula de la Montaña, VER 37340'),(85,'Salcedo','Toro','Alonso','alta-gracia51@example.com','Masculino','FQQXEKNQFSATUD135O','07614938662','Continuación Vietman 317 Edif. 227 , Depto. 549 San Gustavo los altos, AGS 86096-6135'),(86,'Varela','Cervantes','Emilia','colonana-maria@example.org','Masculino','6IEM9VBM8XWJAB64C5','+40(7)1230433848','Pasaje Norte Ontiveros 804 Interior 222 Vieja Guinea, OAX 26376'),(87,'Mares','del Río','Jesús','ana-marianoriega@example.com','Femenino','T0PA3N9NPDQU4TF5R5','+80(5)8869519637','Prolongación Comoras 423 Interior 273 Vieja Pakistán, SIN 62193'),(88,'Sierra','Naranjo','Alberto','eloisaolivares@example.net','Femenino','WECNOB69CRW6CQ0MZM','482.026.1408x31920','Continuación Tamaulipas 520 Interior 588 Vieja Finlandia, VER 17030'),(89,'Huerta','Rojo','Uriel','qherrera@example.org','Femenino','SMZTPCPRMZJRMAZ8XI','671.089.2868','Andador Sur Olivárez 495 768 Vieja Kuwait, TAB 51957-0139'),(90,'Enríquez','Rodríguez','Beatriz','claudia15@example.net','Masculino','X1NEKPUZ6T3IZOGQZ9','571.372.2452','Retorno Sur Madrigal 909 Interior 631 Vieja República de Corea, SON 58643-2877'),(91,'Peralta','Sierra','Mario','ponceguillermina@example.org','Masculino','4XJSHHPZZKPE0GXQ8R','1-074-011-0794','Corredor Jalisco 411 646 Nueva Mongolia, SIN 26847-1254'),(92,'Gómez','Segovia','Soledad','anel11@example.org','Femenino','K9QS1Q2EV7UNBYE9PI','09209792039','Prolongación Sur Polanco 994 Edif. 017 , Depto. 342 Vieja Seychelles, SIN 78593-2452'),(93,'Hinojosa','Olivo','María Cristina','elena64@example.org','Masculino','KETTWTCLZ2VNFA99UT','1-347-708-0577x88282','Continuación Terán 769 Edif. 023 , Depto. 918 San Zoé los altos, HGO 41379'),(94,'Almanza','Candelaria','Ilse','abreugeronimo@example.org','Masculino','SISJRPVEYOFVU95WBK','(133)190-2885x82701','Pasaje Urbina 537 Edif. 639 , Depto. 238 San Esperanza de la Montaña, MICH 78938-1399'),(95,'Chavarría','Ponce','Karina','dsaldivar@example.net','Masculino','HPF2I6HLJIBNQUTO7A','140.014.5731x763','Retorno Luxemburgo 910 971 San Genaro los bajos, ZAC 72504'),(96,'Toro','Meraz','Emilia','gutierrezvictoria@example.com','Femenino','RSZJ7U40BB8OMQR7NX','390-496-3740','Cerrada Norte Suárez 043 022 San Francisco Javier los bajos, TAMPS 74152'),(97,'Portillo','Duarte','Dalia','quintanasamuel@example.org','Femenino','6RLISL0PVEHVZ8LM1G','198-966-3677x0459','Circunvalación Santo Tomé y Príncipe 884 Edif. 612 , Depto. 926 Nueva Seychelles, TAMPS 90733'),(98,'Lerma','Esquivel','Irma','vicentetorres@example.com','Masculino','F7KVMGMXBX4E9G8OGR','(291)068-7227','Corredor Sudáfrica 195 Edif. 680 , Depto. 383 Vieja Somalia, GRO 34131-0503'),(99,'Arriaga','Valentín','Abril','respino@example.net','Femenino','8VB8V7ZCQVF6HBLA4Z','588.018.7014x4958','Pasaje Colombia 283 628 San Linda de la Montaña, QRO 69188-8454'),(100,'Rentería','Escalante','Caridad','ccordero@example.net','Masculino','L3C5MNNBY1NLCM3K69','291-697-5748','Privada México 922 Interior 339 Nueva Israel, MOR 10087-6199'),(101,'Gamboa','Aparicio','Isabela','natividadrobledo@example.org','Femenino','XIMBRZSVVVKQJ55SZP','1-852-230-6666','Andador Bétancourt 567 Edif. 915 , Depto. 067 Nueva Mozambique, DF 85039-1373'),(102,'Maldonado','Tejeda','José Carlos','coronadoaugusto@example.org','Masculino','XE6N3QEST75858ZBN','1-638-940-6499x64180','Calzada Olivera 485 170 Vieja Benin, CAMP 47839'),(103,'Collado','Peres','Jacobo','qsalazar@example.net','Femenino','H9WVN4Q6G8QMCMNFLO','577-299-8381','Privada Norte Ayala 577 Edif. 364 , Depto. 395 Vieja República de Macedonia del Norte, TAMPS 63444'),(104,'Linares','Reyes','Lourdes','augustoarteaga@example.net','Femenino','IAW3Y176QE8GVVI7OW','02966621290','Corredor Norte Guerra 550 237 San Silvia los altos, CHIS 50799-3722'),(105,'Rascón','Estrada','Laura','daniel67@example.net','Femenino','UQ5O2M4LJKE5PQI006','+54(3)9853456518','Circunvalación Benavídez 371 Edif. 620 , Depto. 160 San Conchita de la Montaña, SON 31792-5081'),(106,'Valdez','Véliz','Genaro','lucasurias@example.com','Femenino','QXC23YZ3GFR7NXIADU','(240)963-7139','Privada Sur Sánchez 942 Interior 091 San Tomás los bajos, DF 60797'),(107,'Holguín','Sanabria','Benito','anguianoaurelio@example.org','Masculino','Z4ARYWPPFLNK7SDBJ8','1-930-571-9139x934','Privada Santo Tomé y Príncipe 077 Edif. 859 , Depto. 519 Vieja Ucrania, MEX 56511-8431'),(108,'Luna','Limón','Gabriela','armando65@example.net','Femenino','2CWF2NBPT4RTNTIYBD','02884722104','Eje vial Sur Cazares 137 691 San Marco Antonio los altos, JAL 31337'),(109,'Valdés','Zaragoza','Graciela','linda85@example.com','Femenino','I27VPHC0LQZZRQVRUE','(642)434-8228x46228','Cerrada Sur Serna 503 Interior 824 San Olga de la Montaña, TAMPS 95500-7586'),(110,'Carmona','Baeza','María Teresa','valba@example.org','Masculino','0LD9EBF7YZ53YFY5HP','979-338-3677','Eje vial Saint Kitts y Nevis 609 Interior 296 San Luisa los altos, BCS 88671'),(111,'Olivera','Tamez','Cristobal','nalcala@example.org','Femenino','VKM231WVWGJUWAJVMX','1-546-148-2112x343','Circuito Haití 044 Edif. 852 , Depto. 621 Nueva Argentina, TAMPS 32938'),(112,'Montenegro','Sosa','Beatriz','ssaldivar@example.com','Masculino','6FA7ADMHD65YDVQD7E','03484074179','Eje vial Belarús 881 892 Nueva Irán, DGO 54647'),(113,'Montemayor','Soto','Alta  Gracia','agustincarrera@example.com','Masculino','N4EMZG0PNESKHOB41H','+65(4)2554693193','Callejón Baja California 912 786 San Ana Luisa de la Montaña, TLAX 74982'),(114,'Muñoz','Molina','Guadalupe','bernardo34@example.com','Femenino','KEEIPN0Z04RIF40TR6','028-333-7755x96883','Andador Sur Vázquez 329 Edif. 664 , Depto. 970 Vieja Qatar, TAB 56046-1837'),(115,'Macías','Sanches','Violeta','genaro27@example.net','Masculino','BH9CFEH1ADLZFSSL64','481-764-2105x03908','Circunvalación Nauru 666 Interior 056 San Noelia los bajos, VER 97443-5129'),(116,'Alemán','Madera','Arcelia','blancocristina@example.org','Masculino','VIPNBOZPY2612HXT59','1-446-665-7265','Pasaje Jalisco 870 878 San Elsa los bajos, SIN 66293'),(117,'Tafoya','Burgos','Esther','eotero@example.org','Masculino','8SV39420AZ7HG4D6VT','1-765-807-1732','Circuito Baja California 974 Edif. 164 , Depto. 643 Nueva República Centroafricana, OAX 45094-5104'),(118,'Garica','Medrano','Leonel','vanesaharo@example.net','Masculino','K1NX8OB610BFHMN6X1','226-643-5226x49349','Corredor Santa Lucía 275 Edif. 470 , Depto. 762 San Lorenzo los bajos, BCS 27364'),(119,'Estrada','Jimínez','Aurora','clara38@example.org','Femenino','H8DTL14DRKU203J9ME','+74(0)6729834445','Corredor Meza 241 839 Vieja Timor-Leste, MEX 80666-3955'),(120,'Sanabria','Zamora','Francisco','sjurado@example.net','Femenino','K268OA8762R3CZO3Z','+78(5)3239202076','Avenida Norte Ornelas 486 Interior 549 Vieja Benin, QRO 50967-4417'),(121,'Arellano','Pelayo','Mayte','ivonnebenavides@example.com','Masculino','YX6O5TAAJSMCHCCLCK','(710)397-4345','Corredor Vanuatu 369 278 San Alejandro de la Montaña, AGS 78722-2187'),(122,'Tijerina','Verdugo','Francisco','alfredomolina@example.org','Masculino','VYDBCYFZB8KRFD8JS6','08951741758','Andador Prieto 377 Edif. 559 , Depto. 121 San Frida los bajos, YUC 53502'),(123,'Velásquez','Concepción','Zeferino','bmercado@example.org','Masculino','KY5UPY9QNMFRCRAR2Z','168-875-9278','Viaducto Norte Peralta 187 Edif. 327 , Depto. 025 Vieja República Checa, PUE 53275'),(124,'Cordero','Rodríguez','María del Carmen','carrioncarlos@example.org','Masculino','2TNBPAVIY276TEMEGF','(720)318-4448x3351','Avenida Norte Mares 065 Interior 155 San Omar los altos, COL 17950-5573'),(125,'Hurtado','Valladares','Olivia','ezambrano@example.org','Femenino','JQXEDYBPHKCDRL63O2','1-016-259-7932x1663','Diagonal Yucatán 065 082 Nueva Estados Unidos de América, DGO 62033-4158'),(126,'Segovia','Carrión','Hernán','hugo08@example.org','Masculino','R0GIMKUTJUB7HIL0F2','+35(3)2463911064','Circunvalación Liberia 055 Interior 267 Vieja Gambia, QRO 87305'),(127,'Laureano','Cotto','Zoé','zacariasruiz@example.org','Masculino','XO6AWITUF2RBF9KVFL','(025)408-6832x40109','Continuación Baeza 649 Edif. 476 , Depto. 491 Nueva Barbados, DF 22102'),(128,'Garay','Manzanares','Raquel','vasquezluis-manuel@example.net','Femenino','TC2YCN1I2JPILQ7MBI','151.430.5391x710','Prolongación Timor-Leste 796 350 San Lorenzo los bajos, SON 68470-8436'),(129,'Zambrano','Arias','Iván','sgodoy@example.org','Masculino','8RS2DSMGJH5I0FG69N','504-711-7202x9568','Viaducto Sinaloa 540 108 San Jaqueline de la Montaña, PUE 51835'),(130,'Rascón','Bustos','Minerva','olivia43@example.org','Masculino','R45EGKOCZYV1F2VOTA','(878)944-9543x62656','Eje vial Rivero 527 Edif. 164 , Depto. 641 San Francisco Javier los altos, COL 55961-4476'),(131,'Polanco','Briseño','Sergio','amelia72@example.org','Femenino','HUF41YB8EXM6ODN4U4','196.366.2744x8602','Prolongación Querétaro 285 Edif. 337 , Depto. 887 Vieja Camerún, CHIH 30802'),(132,'Robledo','Vergara','Antonia','maestasofelia@example.net','Femenino','Y0KXZZ0E4ABEV9CKVO','763-397-0968','Retorno Trinidad y Tabago 484 Interior 356 San Sara los bajos, NL 44901'),(133,'Nieto','Ruiz','Catalina','jose-manuelleon@example.com','Femenino','JEWVMI1KAJYDLC4X9C','+95(3)3167445724','Viaducto Nuevo León 988 Interior 669 Vieja Bhután, ZAC 75081'),(134,'Alva','Peña','Amelia','corralesnatividad@example.net','Masculino','W83KZNXV1ZVXHJ3NOM','772-497-7733x294','Circunvalación Guerrero 089 140 San Isabela los bajos, DF 17881'),(135,'Marrero','Lovato','Maximiliano','benavidezbarbara@example.net','Femenino','MR8NOIHY87BTE583Q2','(928)443-0362x1232','Prolongación Islas Marshall 959 Interior 711 Nueva Angola, CHIS 64250-2410'),(136,'Venegas','Echeverría','Catalina','sarevalo@example.org','Masculino','WVC096LMKF1ROAXZ3S','280.402.6315x253','Callejón Durango 017 Interior 814 San Elvira los bajos, TLAX 68516-8317'),(137,'Ybarra','Cardona','Mitzy','esperanzaoquendo@example.com','Masculino','4MDCU82UPYCY4JF5TC','+88(5)7814725384','Periférico Norte Sáenz 441 042 San Ruby de la Montaña, SON 26018-4306'),(138,'Arellano','Dávila','Susana','elisaescobar@example.org','Femenino','3WBCMQEDKS9KPMEG7Z','(764)551-6112','Retorno Venezuela 188 Edif. 653 , Depto. 957 Nueva República Árabe Siria, COL 47960'),(139,'Polanco','Mascareñas','Julio César','gustavoanaya@example.net','Femenino','WSSPAV3FODXK7VCY5O','233.705.6460x785','Retorno Sur Sosa 717 Interior 496 Vieja Swazilandia, SIN 58768-8770'),(140,'Velasco','Amaya','Ariadna','jonashidalgo@example.com','Femenino','GHQH11SKZFNR2LP7BH','967.111.3635','Ampliación Colima 251 857 San Abel los altos, BC 79227'),(141,'Sauceda','Díaz','Natalia','svalladares@example.com','Femenino','2LSR0AAZ28QJ3RODWC','679.181.6379x66790','Andador India 656 Edif. 021 , Depto. 415 San María del Carmen de la Montaña, GRO 92033-2693'),(142,'Montero','Díaz','Alta  Gracia','hinojosagabriela@example.com','Masculino','CV2594M4Z8FOPRT2TL','+07(6)2343100780','Cerrada Aponte 399 450 San María Teresa los altos, BCS 67891-8952'),(143,'Mena','Toro','Elena','ariadna25@example.net','Femenino','XLPV39CXXB7I6PL9N0','(617)986-0969x7863','Boulevard Huerta 316 Interior 017 Vieja Brasil, Q. ROO 79827-5652'),(144,'Carranza','Barrios','Catalina','elsa49@example.net','Masculino','IV3MRQWB3NK6MK8478','702-529-5231','Prolongación Sur Corona 469 326 San Juan Carlos los altos, QRO 69281-0510'),(145,'Cabrera','Suárez','Mariano','harevalo@example.com','Femenino','VID8CUWCFB7J5LO998','199.237.8878','Corredor Norte Gálvez 604 Edif. 222 , Depto. 862 Nueva Argelia, SLP 44846-3205'),(146,'Rangel','Alcaraz','Isabel','krael@example.org','Femenino','MUKCULNWOA3AUISKPF','(370)288-3735x13482','Circunvalación Sur Salgado 518 310 Vieja Luxemburgo, GRO 66943-9882'),(147,'Lerma','Marín','Dulce María','hugo76@example.net','Femenino','RIHRIWWMDLVTXR5XQE','1-912-876-6029x955','Eje vial Colón 443 Interior 994 San Verónica los altos, YUC 37694'),(148,'Barela','Feliciano','Miguel Ángel','humbertovaldivia@example.com','Masculino','F0WI5OEO74HWOOX525','1-355-860-6318x3117','Calle Michoacán de Ocampo 816 561 San Bernardo los altos, TAMPS 43419'),(149,'Ávila','Nazario','Jesús','nataliahernandes@example.org','Femenino','NF7V5ZJ54VRNW4OA9G','06019107137','Peatonal Sur Santiago 448 Interior 536 Nueva Somalia, OAX 73478'),(150,'Uribe','Tirado','Pedro','rebeca60@example.com','Femenino','TKVYZQ73ZR6TL9VYAL','182.254.8359x6913','Boulevard Jalisco 536 Interior 078 Vieja Alemania, VER 90619-2241'),(151,'Noriega','Cepeda','Bruno','denriquez@example.org','Masculino','5ACA7STSN8TC56T09A','(540)817-0890','Retorno Santillán 041 Edif. 433 , Depto. 876 Vieja Andorra, SON 58622-1973'),(152,'Villa','Orosco','Rolando','wendolin56@example.com','Masculino','VFIZKZ6X6000DHEN2I','1-653-101-0737','Calzada Ferrer 783 Interior 324 Vieja Líbano, NL 23324-8048'),(153,'Córdova','Serna','Uriel','velasquezcaridad@example.net','Masculino','YCKB5UABXP3DCGWJAC','153.081.9645x9290','Circunvalación Saiz 909 Interior 699 San María Teresa los bajos, CHIS 64932-7681'),(154,'Zarate','Sotelo','Paola','hcaban@example.org','Femenino','MD6UWKZBM1GJ3PFVTP','354-793-5127x92637','Circuito Sur Bétancourt 993 Interior 737 Nueva República Democrática del Congo, BCS 60601'),(155,'Rosales','Zamora','Violeta','zaragozahernan@example.net','Femenino','5FGG9S1KYVOAUD5YNL','057-644-1518x8952','Andador Sur Medina 039 583 Nueva Eslovenia, CHIS 83553-4075'),(156,'Beltrán','Méndez','Blanca','pinabenito@example.org','Masculino','M7MZA10Z45SHXOFIUY','231.913.9584x7875','Calzada Reyes 417 Edif. 587 , Depto. 321 San Wilfrido los bajos, TAMPS 65509-8669'),(157,'Ruelas','Hernández','Esteban','ccarmona@example.com','Masculino','AZLONZINLAM0JEJCZR','09817377227','Cerrada Gurule 697 Interior 915 San Patricia de la Montaña, ZAC 42625'),(158,'Arguello','Loya','Zoé','rasconaugusto@example.com','Femenino','GY8JPUZPL49BTRVM7C','+93(6)7889979777','Pasaje Escobedo 943 Edif. 148 , Depto. 942 San Zoé los bajos, OAX 80789'),(159,'Colunga','Vela','Pablo','jose-manuel70@example.org','Masculino','VREH0LWZG75X0O1LIY','245-006-5052','Viaducto Ordóñez 223 Edif. 762 , Depto. 266 San Lucía los bajos, BC 69501-2384'),(160,'Grijalva','Carrión','Lilia','carrillomaximiliano@example.org','Masculino','KWCTFL2A0AX562Y19K','(272)677-6072x3184','Calzada Sur Ayala 015 574 San Ángela de la Montaña, DGO 28561'),(161,'Armendáriz','Sanches','Perla','carolina99@example.org','Femenino','GBTG8DL1FTPT2E0FVQ','1-237-371-3503x788','Calle Norte Saldivar 212 Interior 093 Nueva El Salvador, PUE 64184'),(162,'Ávalos','Arreola','Helena','marisoltejada@example.org','Femenino','CPLUZKIRQ9AE5V7DSB','464-733-8118','Peatonal Cervantes 520 Interior 998 San Olga de la Montaña, QRO 86081-8501'),(163,'Elizondo','Terán','Luis Manuel','tgamboa@example.com','Masculino','UQK5DSDILDIU2KJQVD','+13(1)8400850914','Cerrada México 963 Interior 650 Nueva Suiza, DGO 73988-9741'),(164,'Girón','Toro','Alfonso','aurora19@example.net','Femenino','4ZIPG0NMZNZSQ11U7D','1-207-042-4900','Pasaje Lesotho 796 941 Nueva Filipinas, NAY 34586'),(165,'Jurado','Mireles','Jonás','ysisneros@example.com','Masculino','80RMR9R85Y512R2RPB','956-950-7686','Continuación Morelos 601 920 Vieja Etiopía, ZAC 06484'),(166,'Cazares','Madrid','Rocío','ochoafelix@example.com','Masculino','V6Z5G0EOL8USG5ZWV5','016-097-4964x44467','Circuito Godínez 554 Interior 492 Vieja Fiji, TLAX 05106-6269'),(167,'Mena','Jaime','Manuel','ricoclaudio@example.net','Femenino','GUQ2461TV83CHAXJSL','(166)813-7541x19077','Boulevard Israel 904 Interior 140 San Teresa los altos, MICH 15518'),(168,'Cazares','Maestas','Indira','antonio34@example.com','Femenino','RIHRW47TL5GRYMAU41','+16(4)4097446951','Boulevard República Árabe Siria 854 503 San Jorge Luis los altos, MICH 60737'),(169,'Fuentes','Garica','Germán','dulce-mariaalvarez@example.com','Masculino','M95PNXDA9P6LS80WP6','05127604447','Ampliación Sri Lanka 318 454 Nueva Comoras, QRO 14336'),(170,'Verdugo','Berríos','René','gmarquez@example.net','Masculino','O5VBLCJM1G49OU1J57','1-667-718-8249','Callejón Sur Esquibel 308 Interior 021 San Joaquín los bajos, YUC 58641-1876'),(171,'Zarate','Bétancourt','Camila','dmelendez@example.com','Femenino','KDKTXHA3URZFABQQY0','600.017.2557','Ampliación Montemayor 903 065 Vieja Dinamarca, DF 16247'),(172,'Loera','Salgado','Arcelia','carrilloagustin@example.org','Masculino','HN2P1DRGTMDP4NU22K','1-272-279-7455x4051','Cerrada Báez 088 062 San Sergio de la Montaña, CAMP 94434'),(173,'Batista','Rivero','Norma','mateoclaudia@example.com','Masculino','STU6ARXN17ZSKR5Q25','(655)097-5967','Cerrada Morelos 298 Edif. 044 , Depto. 978 Vieja Ecuador, SIN 14246'),(174,'Navarro','Medina','Lucía','reynaldo55@example.com','Femenino','0JDRVX177ERHO2GU4G','1-043-253-7997x622','Calle Sur Ferrer 931 Interior 890 San Paulina los bajos, HGO 23936'),(175,'Mercado','Acuña','Emilio','zapatafrancisca@example.net','Masculino','QDIQ4QFZIBQNKX81EP','683-087-7699x9220','Cerrada Norte Mesa 784 Edif. 904 , Depto. 994 Vieja Zimbabwe, DGO 41317-7874'),(176,'Orosco','Centeno','Yeni','olivaresdalia@example.org','Femenino','L70SG72UWTSR6OQY1P','1-814-962-1346x34545','Retorno Quintana Roo 857 Interior 794 San Alma de la Montaña, YUC 05341-5597'),(177,'Riojas','Verdugo','Elvia','gpatino@example.org','Masculino','PJ072CKEOE0GIHLV3N','1-941-940-3792x70927','Viaducto Colima 199 Edif. 410 , Depto. 060 Nueva Camerún, SIN 96389'),(178,'Benavídez','Castro','Paola','samaniegotrinidad@example.net','Femenino','ZRKT8F05MUIJGUIMYW','+55(0)4309865188','Prolongación Coahuila de Zaragoza 068 Edif. 688 , Depto. 083 Vieja Camerún, COAH 99221'),(179,'Blanco','González','Antonia','eloysegura@example.net','Femenino','XB843QEXKXAF3N3D30','149-572-9596x0529','Retorno Jamaica 092 557 Vieja Canadá, CHIH 19236'),(180,'Tafoya','Tamayo','René','rafael60@example.net','Femenino','KNDKGPWNRURQXT3HQX','(063)024-6753','Cerrada Terán 802 Interior 758 San Jacinto los bajos, CHIS 79570'),(181,'Orozco','Estrada','Rufino','olivarezdulce@example.com','Femenino','SY87WB670M4AVJ31GA','08196019128','Avenida Zacatecas 657 Interior 212 Vieja Liechtenstein, BC 37177'),(182,'Mireles','Lovato','Felipe','sandrasantiago@example.org','Femenino','EV3INJA7WSN24Q4S1A','1-488-330-0301x0130','Calle Norte Malave 735 735 San Indira de la Montaña, MICH 61635-7003'),(183,'Zúñiga','Maldonado','Víctor','garridovanesa@example.net','Femenino','3UKDW02TVAR51CLCXK','139-383-7288x040','Ampliación Sur Cardona 048 Interior 648 Nueva Tuvalu, OAX 73257-9690'),(184,'Pineda','Abreu','Guillermina','carriongabriela@example.org','Masculino','EWIAGYDH6HKOXKQGJ4','286-325-3051','Prolongación Omán 066 Edif. 563 , Depto. 653 San Ilse los bajos, TLAX 71906'),(185,'Vázquez','Caldera','Carmen','puenteeugenia@example.net','Masculino','DFA8GD7SL1XYFULUAO','(690)007-6556x34512','Privada San Luis Potosí 431 Edif. 544 , Depto. 045 San Timoteo los bajos, CHIH 16317-7347'),(186,'Hernádez','Verduzco','José Emilio','iarmendariz@example.org','Masculino','K2QT8Q37P1ZOJZMOLD','514.443.5889','Corredor Maestas 481 639 Nueva Samoa, ZAC 09121'),(187,'Razo','Franco','Daniela','smorales@example.org','Masculino','5YLNNDPQQLCCA4FI8O','(786)203-3648x55827','Corredor Sur Lozano 749 Interior 794 Vieja Tuvalu, COAH 46269-0805'),(188,'Huerta','Armas','Elvira','xsotelo@example.org','Masculino','UVSPANKA8YJ83QD57G','1-055-901-8009x3503','Periférico Ghana 211 Edif. 583 , Depto. 049 Nueva Ucrania, CHIS 56414'),(189,'Lozada','Arevalo','Conchita','arturoesquivel@example.org','Femenino','0RBB8KBEZZV1VWXBIP','1-814-342-5486x842','Circuito Chihuahua 825 Interior 521 San Leonardo los altos, ZAC 46948-7924'),(190,'Heredia','Lomeli','Elvia','marisela93@example.net','Masculino','HE1A7V460L5I3DR4YS','335-765-7712','Retorno Sur Rosado 235 Edif. 639 , Depto. 628 Nueva Seychelles, NAY 70946'),(191,'Castro','Balderas','Ana Luisa','maria-del-carmencalvillo@example.net','Femenino','0WYSCS3GV7BL4J1X0H','481.704.6074','Peatonal Oaxaca 794 Interior 710 San Citlali los altos, JAL 80764-5176'),(192,'Arroyo','Zambrano','Miguel','camila04@example.com','Femenino','GWH8PFACTBXXFS4G0T','(423)487-0748','Cerrada Norte Pantoja 706 Interior 733 San Raúl los bajos, MICH 54240-9419'),(193,'Arenas','Almanza','Frida','renato07@example.com','Masculino','OLSS1BQDW7M77ETITJ','1-986-256-2867x29467','Pasaje Sur Esquivel 470 Interior 027 San Arturo de la Montaña, GRO 06614'),(194,'Dueñas','Alemán','Eric','adela12@example.org','Masculino','UJF04F0IO3EV522Y6V','1-468-058-6889x223','Avenida Chile 250 021 San Nayeli de la Montaña, SIN 10158-8858'),(195,'Nieto','Bueno','Yeni','claralozada@example.net','Femenino','PNLRKCHRVMUU15Y5HI','(091)442-7666','Callejón Sanabria 273 Interior 376 Nueva Barbados, DGO 89373'),(196,'Carrillo','Olvera','Bruno','kzavala@example.org','Masculino','LS8Y59HIPH9F8W66IL','385.659.5973','Periférico García 511 Interior 637 San Mitzy los altos, PUE 23100'),(197,'Melgar','Pulido','Andrea','aarteaga@example.com','Masculino','EIVFN1JNL301KB1NHL','208.740.5038x092','Diagonal Sur Cadena 277 Edif. 627 , Depto. 948 San Patricia de la Montaña, TAB 62729-5074'),(198,'Prieto','Camacho','Marco Antonio','octavio57@example.com','Masculino','09Q7B3D57AJOVPZNFI','08284179060','Circuito Linares 724 Interior 267 Vieja Mónaco, DGO 95873-9219'),(199,'Amador','Mata','Linda','arodriguez@example.org','Masculino','XR4CBS0EY591FZ7HCT','846-802-3697x4514','Circuito Quintana Roo 352 527 San Hilda los altos, AGS 75820'),(200,'Ramos','Sanches','Blanca','catalina51@example.net','Femenino','81YRIPIAQ2I4KUW43','299.525.5681x22232','Peatonal Fiji 091 Edif. 068 , Depto. 087 Vieja Vietman, BCS 53758'),(201,'Aguilar','Silva','Veronica','veronica.aguilar2024001@estudiante.tec.mx','Femenino','AGSV961003MBC12390','6644652945','Calle 34 #473, Tijuana, BC'),(202,'Lopez','Castro','Jorge','jorge.lopez2024002@estudiante.tec.mx','Masculino','LOCJ940207HBC72782','6649637339','Calle 37 #959, Tijuana, BC'),(203,'Ortiz','Moreno','Javier','javier.ortiz2024003@estudiante.tec.mx','Masculino','ORMJ901103HBC91233','6646282704','Calle 16 #31, Tijuana, BC'),(204,'Torres','Gonzalez','Gabriela','gabriela.torres2024004@estudiante.tec.mx','Femenino','TOGG960102MBC26778','6643291164','Calle 99 #165, Tijuana, BC'),(205,'Diaz','Flores','Alberto','alberto.diaz2024005@estudiante.tec.mx','Masculino','DIFA960226HBC19882','6647439975','Calle 16 #609, Tijuana, BC'),(206,'Ramos','Ramos','Beatriz','beatriz.ramos2024006@estudiante.tec.mx','Femenino','RARB920113MBC14993','6645244820','Calle 58 #470, Tijuana, BC'),(207,'Mendoza','Mendoza','Eduardo','eduardo.mendoza2024007@estudiante.tec.mx','Masculino','MEME930218HBC73665','6649748299','Calle 1 #106, Tijuana, BC'),(208,'Medina','Jimenez','Veronica','veronica.medina2024008@estudiante.tec.mx','Femenino','MEJV960725MBC77118','6643262204','Calle 97 #61, Tijuana, BC'),(209,'Sanchez','Jimenez','Miguel','miguel.sanchez2024009@estudiante.tec.mx','Masculino','SAJM960223HBC52097','6645196291','Calle 42 #657, Tijuana, BC'),(210,'Ortiz','Ruiz','Fernando','fernando.ortiz2024010@estudiante.tec.mx','Masculino','ORRF910714HBC79845','6646708499','Calle 100 #65, Tijuana, BC'),(211,'Diaz','Ramirez','Alberto','alberto.diaz2024011@estudiante.tec.mx','Masculino','DIRA920611HBC63280','6642383416','Calle 42 #591, Tijuana, BC'),(212,'Vega','Vega','Ana','ana.vega2024012@estudiante.tec.mx','Femenino','VEVA900404MBC81463','6646546578','Calle 29 #564, Tijuana, BC'),(213,'Perez','Lopez','Javier','javier.perez2024013@estudiante.tec.mx','Masculino','PELJ901113HBC57937','6649365258','Calle 74 #863, Tijuana, BC'),(214,'Vega','Ortiz','Manuel','manuel.vega2024014@estudiante.tec.mx','Masculino','VEOM930906HBC90191','6648660005','Calle 55 #155, Tijuana, BC'),(215,'Rodriguez','Ramirez','Diego','diego.rodriguez2024015@estudiante.tec.mx','Masculino','RORD981011HBC66196','6649371957','Calle 78 #60, Tijuana, BC'),(216,'Ramos','Moreno','Cristina','cristina.ramos2024016@estudiante.tec.mx','Femenino','RAMC971127MBC31939','6649383497','Calle 67 #507, Tijuana, BC'),(217,'Rivera','Moreno','Jorge','jorge.rivera2024017@estudiante.tec.mx','Masculino','RIMJ921224HBC38018','6645621266','Calle 30 #954, Tijuana, BC'),(218,'Ramirez','Flores','Lucia','lucia.ramirez2024018@estudiante.tec.mx','Femenino','RAFL910314MBC95334','6645516318','Calle 71 #3, Tijuana, BC'),(219,'Ramirez','Flores','Lucia','lucia.ramirez2024019@estudiante.tec.mx','Femenino','RAFL910319MBC66125','6649877571','Calle 42 #130, Tijuana, BC'),(220,'Guerrero','Cruz','Antonio','antonio.guerrero2024020@estudiante.tec.mx','Masculino','GUCA980113HBC26362','6644387669','Calle 13 #517, Tijuana, BC'),(221,'Ortiz','Ortiz','Jorge','jorge.ortiz2024021@estudiante.tec.mx','Masculino','OROJ921117HBC38784','6642420657','Calle 32 #125, Tijuana, BC'),(222,'Moreno','Garcia','Veronica','veronica.moreno2024022@estudiante.tec.mx','Femenino','MOGV950506MBC87469','6647763262','Calle 76 #534, Tijuana, BC'),(223,'Rivera','Ruiz','Francisco','francisco.rivera2024023@estudiante.tec.mx','Masculino','RIRF911209HBC62299','6643090373','Calle 18 #187, Tijuana, BC'),(224,'Guerrero','Diaz','Carlos','carlos.guerrero2024024@estudiante.tec.mx','Masculino','GUDC950707HBC50360','6645211063','Calle 66 #851, Tijuana, BC'),(225,'Mendoza','Reyes','Teresa','teresa.mendoza2024025@estudiante.tec.mx','Femenino','MERT980318MBC51544','6645996412','Calle 62 #396, Tijuana, BC'),(226,'Flores','Rodriguez','Miguel','miguel.flores2024026@estudiante.tec.mx','Masculino','FLRM920506HBC81345','6646591921','Calle 91 #672, Tijuana, BC'),(227,'Gomez','Aguilar','Lucia','lucia.gomez2024027@estudiante.tec.mx','Femenino','GOAL970818MBC48932','6649729603','Calle 9 #532, Tijuana, BC'),(228,'Flores','Morales','Francisco','francisco.flores2024028@estudiante.tec.mx','Masculino','FLMF990223HBC79346','6647374453','Calle 33 #522, Tijuana, BC'),(229,'Ruiz','Hernandez','Rafael','rafael.ruiz2024029@estudiante.tec.mx','Masculino','RUHR940426HBC78414','6649815389','Calle 75 #769, Tijuana, BC'),(230,'Gonzalez','Morales','Laura','laura.gonzalez2024030@estudiante.tec.mx','Femenino','GOML900603MBC20742','6644838988','Calle 7 #31, Tijuana, BC'),(231,'Medina','Perez','Sergio','sergio.medina2024031@estudiante.tec.mx','Masculino','MEPS900101HBC90749','6645702389','Calle 29 #856, Tijuana, BC'),(232,'Aguilar','Torres','Eduardo','eduardo.aguilar2024032@estudiante.tec.mx','Masculino','AGTE950501HBC13123','6646903250','Calle 83 #148, Tijuana, BC'),(233,'Castro','Diaz','Isabel','isabel.castro2024033@estudiante.tec.mx','Femenino','CADI971017MBC67849','6643579479','Calle 11 #661, Tijuana, BC'),(234,'Hernandez','Sanchez','Javier','javier.hernandez2024034@estudiante.tec.mx','Masculino','HESJ971023HBC73014','6642476171','Calle 67 #813, Tijuana, BC'),(235,'Lopez','Romero','Sofia','sofia.lopez2024035@estudiante.tec.mx','Femenino','LORS930328MBC32136','6647537570','Calle 76 #585, Tijuana, BC'),(236,'Ortiz','Medina','Beatriz','beatriz.ortiz2024036@estudiante.tec.mx','Femenino','ORMB920528MBC90958','6641005266','Calle 39 #913, Tijuana, BC'),(237,'Ramirez','Guerrero','Diana','diana.ramirez2024037@estudiante.tec.mx','Femenino','RAGD910514MBC31177','6641553339','Calle 5 #54, Tijuana, BC'),(238,'Flores','Romero','Teresa','teresa.flores2024038@estudiante.tec.mx','Femenino','FLRT940408MBC51852','6649495384','Calle 32 #751, Tijuana, BC'),(239,'Medina','Gomez','Mario','mario.medina2024039@estudiante.tec.mx','Masculino','MEGM910816HBC10941','6647630355','Calle 63 #898, Tijuana, BC'),(240,'Lopez','Ortiz','Jose','jose.lopez2024040@estudiante.tec.mx','Masculino','LOOJ920418HBC37572','6645810643','Calle 61 #404, Tijuana, BC'),(241,'Ruiz','Gonzalez','Sofia','sofia.ruiz2024041@estudiante.tec.mx','Femenino','RUGS990414MBC65060','6649928239','Calle 27 #342, Tijuana, BC'),(242,'Silva','Cruz','Ana','ana.silva2024042@estudiante.tec.mx','Femenino','SICA951226MBC83036','6641575795','Calle 43 #914, Tijuana, BC'),(243,'Garcia','Romero','Ana','ana.garcia2024043@estudiante.tec.mx','Femenino','GARA911211MBC13716','6643041646','Calle 93 #931, Tijuana, BC'),(244,'Martinez','Mendoza','Sofia','sofia.martinez2024044@estudiante.tec.mx','Femenino','MAMS970915MBC45247','6649404135','Calle 41 #221, Tijuana, BC'),(245,'Moreno','Morales','Rosa','rosa.moreno2024045@estudiante.tec.mx','Femenino','MOMR931106MBC54886','6648006682','Calle 33 #308, Tijuana, BC'),(246,'Gomez','Sanchez','Elena','elena.gomez2024046@estudiante.tec.mx','Femenino','GOSE950507MBC92493','6648855882','Calle 60 #338, Tijuana, BC'),(247,'Morales','Rivera','Juan','juan.morales2024047@estudiante.tec.mx','Masculino','MORJ931024HBC91813','6645338875','Calle 29 #976, Tijuana, BC'),(248,'Sanchez','Perez','Diego','diego.sanchez2024048@estudiante.tec.mx','Masculino','SAPD950114HBC38325','6649097803','Calle 100 #259, Tijuana, BC'),(249,'Gonzalez','Gomez','Luis','luis.gonzalez2024049@estudiante.tec.mx','Masculino','GOGL900207HBC83548','6647077462','Calle 11 #475, Tijuana, BC'),(250,'Castro','Aguilar','Claudia','claudia.castro2024050@estudiante.tec.mx','Femenino','CAAC990612MBC68714','6643771084','Calle 38 #976, Tijuana, BC'),(251,'Aguilar','Medina','Isabel','isabel.aguilar2024051@estudiante.tec.mx','Femenino','AGMI980204MBC19930','6648127317','Calle 29 #55, Tijuana, BC'),(252,'Mendoza','Cruz','Jose','jose.mendoza2024052@estudiante.tec.mx','Masculino','MECJ980709HBC80812','6648133628','Calle 88 #979, Tijuana, BC'),(253,'Torres','Moreno','Eduardo','eduardo.torres2024053@estudiante.tec.mx','Masculino','TOME910823HBC15895','6645793528','Calle 83 #531, Tijuana, BC'),(254,'Moreno','Gomez','Javier','javier.moreno2024054@estudiante.tec.mx','Masculino','MOGJ901023HBC77738','6643966431','Calle 70 #484, Tijuana, BC'),(255,'Gonzalez','Ramirez','Carmen','carmen.gonzalez2024055@estudiante.tec.mx','Femenino','GORC930519MBC35044','6641784989','Calle 29 #156, Tijuana, BC'),(256,'Romero','Ortiz','Carlos','carlos.romero2024056@estudiante.tec.mx','Masculino','ROOC980927HBC67742','6648782581','Calle 25 #650, Tijuana, BC'),(257,'Medina','Vega','Fernando','fernando.medina2024057@estudiante.tec.mx','Masculino','MEVF941122HBC42351','6643127176','Calle 80 #257, Tijuana, BC'),(258,'Garcia','Guerrero','Carlos','carlos.garcia2024058@estudiante.tec.mx','Masculino','GAGC970402HBC57851','6647587610','Calle 27 #127, Tijuana, BC'),(259,'Reyes','Romero','Alberto','alberto.reyes2024059@estudiante.tec.mx','Masculino','RERA960112HBC83587','6648441924','Calle 57 #356, Tijuana, BC'),(260,'Silva','Castro','Fernando','fernando.silva2024060@estudiante.tec.mx','Masculino','SICF961217HBC33354','6647010834','Calle 88 #352, Tijuana, BC'),(261,'Morales','Silva','Rafael','rafael.morales2024061@estudiante.tec.mx','Masculino','MOSR911020HBC97683','6642690378','Calle 48 #805, Tijuana, BC'),(262,'Flores','Guerrero','Rosa','rosa.flores2024062@estudiante.tec.mx','Femenino','FLGR960302MBC62683','6643849205','Calle 14 #749, Tijuana, BC'),(263,'Morales','Hernandez','Teresa','teresa.morales2024063@estudiante.tec.mx','Femenino','MOHT970408MBC50446','6647371898','Calle 31 #409, Tijuana, BC'),(264,'Medina','Moreno','Jorge','jorge.medina2024064@estudiante.tec.mx','Masculino','MEMJ921210HBC71348','6641628926','Calle 9 #192, Tijuana, BC'),(265,'Gomez','Ramirez','Rafael','rafael.gomez2024065@estudiante.tec.mx','Masculino','GORR970826HBC66241','6649120985','Calle 45 #522, Tijuana, BC'),(266,'Morales','Vega','Carmen','carmen.morales2024066@estudiante.tec.mx','Femenino','MOVC910822MBC93235','6646899746','Calle 42 #130, Tijuana, BC'),(267,'Gomez','Lopez','Jorge','jorge.gomez2024067@estudiante.tec.mx','Masculino','GOLJ940426HBC77011','6648409444','Calle 9 #933, Tijuana, BC'),(268,'Romero','Moreno','Monica','monica.romero2024068@estudiante.tec.mx','Femenino','ROMM990408MBC67541','6648739404','Calle 24 #585, Tijuana, BC'),(269,'Rodriguez','Morales','Pedro','pedro.rodriguez2024069@estudiante.tec.mx','Masculino','ROMP930612HBC71926','6648671346','Calle 72 #996, Tijuana, BC'),(270,'Ramos','Torres','Veronica','veronica.ramos2024070@estudiante.tec.mx','Femenino','RATV970525MBC23925','6644442266','Calle 41 #870, Tijuana, BC'),(271,'Aguilar','Ortiz','Ana','ana.aguilar2024071@estudiante.tec.mx','Femenino','AGOA931023MBC63664','6642908425','Calle 26 #660, Tijuana, BC'),(272,'Ramirez','Diaz','Jorge','jorge.ramirez2024072@estudiante.tec.mx','Masculino','RADJ981008HBC11633','6643201464','Calle 45 #485, Tijuana, BC'),(273,'Silva','Cruz','Adriana','adriana.silva2024073@estudiante.tec.mx','Femenino','SICA951008MBC99626','6649567639','Calle 20 #124, Tijuana, BC'),(274,'Ruiz','Romero','Manuel','manuel.ruiz2024074@estudiante.tec.mx','Masculino','RURM970912HBC86711','6645927732','Calle 68 #727, Tijuana, BC'),(275,'Ramirez','Cruz','Alberto','alberto.ramirez2024075@estudiante.tec.mx','Masculino','RACA910509HBC48832','6649400402','Calle 93 #845, Tijuana, BC'),(276,'Ramos','Reyes','Lucia','lucia.ramos2024076@estudiante.tec.mx','Femenino','RARL900827MBC77395','6645412225','Calle 62 #580, Tijuana, BC'),(277,'Sanchez','Ortiz','Cristina','cristina.sanchez2024077@estudiante.tec.mx','Femenino','SAOC931224MBC34386','6645133176','Calle 74 #291, Tijuana, BC'),(278,'Ortiz','Lopez','Miguel','miguel.ortiz2024078@estudiante.tec.mx','Masculino','ORLM981123HBC46868','6649996770','Calle 7 #310, Tijuana, BC'),(279,'Lopez','Morales','Ricardo','ricardo.lopez2024079@estudiante.tec.mx','Masculino','LOMR990615HBC25237','6641272131','Calle 23 #47, Tijuana, BC'),(280,'Perez','Ortiz','Gabriela','gabriela.perez2024080@estudiante.tec.mx','Femenino','PEOG980203MBC24456','6641813706','Calle 91 #269, Tijuana, BC'),(281,'Rodriguez','Jimenez','Elena','elena.rodriguez2024081@estudiante.tec.mx','Femenino','ROJE931113MBC60149','6645843644','Calle 37 #212, Tijuana, BC'),(282,'Reyes','Ruiz','Juan','juan.reyes2024082@estudiante.tec.mx','Masculino','RERJ941127HBC23492','6642310706','Calle 98 #423, Tijuana, BC'),(283,'Rodriguez','Gonzalez','Maria','maria.rodriguez2024083@estudiante.tec.mx','Femenino','ROGM920919MBC36249','6643827503','Calle 26 #348, Tijuana, BC'),(284,'Romero','Romero','Maria','maria.romero2024084@estudiante.tec.mx','Femenino','RORM950226MBC20490','6641903939','Calle 84 #858, Tijuana, BC'),(285,'Rodriguez','Torres','Francisco','francisco.rodriguez2024085@estudiante.tec.mx','Masculino','ROTF960502HBC12498','6648418720','Calle 18 #413, Tijuana, BC'),(286,'Flores','Rodriguez','Eduardo','eduardo.flores2024086@estudiante.tec.mx','Masculino','FLRE930127HBC69250','6643572542','Calle 8 #507, Tijuana, BC'),(287,'Castro','Flores','Ricardo','ricardo.castro2024087@estudiante.tec.mx','Masculino','CAFR930419HBC33642','6641075231','Calle 97 #795, Tijuana, BC'),(288,'Hernandez','Lopez','Teresa','teresa.hernandez2024088@estudiante.tec.mx','Femenino','HELT900502MBC94562','6642037199','Calle 82 #738, Tijuana, BC'),(289,'Perez','Sanchez','Rosa','rosa.perez2024089@estudiante.tec.mx','Femenino','PESR900906MBC92311','6643843230','Calle 55 #770, Tijuana, BC'),(290,'Martinez','Ruiz','Patricia','patricia.martinez2024090@estudiante.tec.mx','Femenino','MARP990725MBC72687','6643152222','Calle 60 #276, Tijuana, BC'),(291,'Flores','Diaz','Antonio','antonio.flores2024091@estudiante.tec.mx','Masculino','FLDA921121HBC14211','6649288532','Calle 57 #70, Tijuana, BC'),(292,'Rodriguez','Ruiz','Rosa','rosa.rodriguez2024092@estudiante.tec.mx','Femenino','RORR930521MBC61970','6646429451','Calle 2 #263, Tijuana, BC'),(293,'Torres','Morales','Lucia','lucia.torres2024093@estudiante.tec.mx','Femenino','TOML931114MBC84267','6647370519','Calle 63 #25, Tijuana, BC'),(294,'Jimenez','Diaz','Manuel','manuel.jimenez2024094@estudiante.tec.mx','Masculino','JIDM901217HBC17466','6649207434','Calle 67 #585, Tijuana, BC'),(295,'Medina','Ruiz','Antonio','antonio.medina2024095@estudiante.tec.mx','Masculino','MERA981013HBC81772','6641544667','Calle 24 #975, Tijuana, BC'),(296,'Garcia','Medina','Monica','monica.garcia2024096@estudiante.tec.mx','Femenino','GAMM910227MBC56873','6649926824','Calle 83 #162, Tijuana, BC'),(297,'Rivera','Morales','Manuel','manuel.rivera2024097@estudiante.tec.mx','Masculino','RIMM961114HBC82762','6645382530','Calle 69 #973, Tijuana, BC'),(298,'Torres','Lopez','Laura','laura.torres2024098@estudiante.tec.mx','Femenino','TOLL910907MBC84956','6641807571','Calle 90 #214, Tijuana, BC'),(299,'Vega','Castro','Luis','luis.vega2024099@estudiante.tec.mx','Masculino','VECL900105HBC74416','6642926503','Calle 86 #618, Tijuana, BC'),(300,'Martinez','Moreno','Eduardo','eduardo.martinez2024100@estudiante.tec.mx','Masculino','MAME981102HBC63880','6642207454','Calle 32 #168, Tijuana, BC'),(301,'Lopez','Garcia','Rosa','rosa.lopez2024101@estudiante.tec.mx','Femenino','LOGR931025MBC96929','6642747499','Calle 32 #994, Tijuana, BC'),(302,'Guerrero','Reyes','Isabel','isabel.guerrero2024102@estudiante.tec.mx','Femenino','GURI960922MBC68190','6646017746','Calle 10 #780, Tijuana, BC'),(303,'Morales','Romero','Carmen','carmen.morales2024103@estudiante.tec.mx','Femenino','MORC931220MBC71742','6647881548','Calle 73 #349, Tijuana, BC'),(304,'Ramos','Flores','Maria','maria.ramos2024104@estudiante.tec.mx','Femenino','RAFM990102MBC29092','6649604125','Calle 3 #255, Tijuana, BC'),(305,'Ramirez','Diaz','Alberto','alberto.ramirez2024105@estudiante.tec.mx','Masculino','RADA981020HBC94969','6645277871','Calle 40 #540, Tijuana, BC'),(306,'Silva','Castro','Fernando','fernando.silva2024106@estudiante.tec.mx','Masculino','SICF910119HBC29620','6649506501','Calle 37 #991, Tijuana, BC'),(307,'Diaz','Moreno','Carlos','carlos.diaz2024107@estudiante.tec.mx','Masculino','DIMC960111HBC79571','6642020516','Calle 51 #203, Tijuana, BC'),(308,'Guerrero','Jimenez','Francisco','francisco.guerrero2024108@estudiante.tec.mx','Masculino','GUJF940101HBC97077','6648652088','Calle 100 #446, Tijuana, BC'),(309,'Mendoza','Medina','Gabriela','gabriela.mendoza2024109@estudiante.tec.mx','Femenino','MEMG940716MBC12655','6644980180','Calle 70 #141, Tijuana, BC'),(310,'Romero','Ramirez','Elena','elena.romero2024110@estudiante.tec.mx','Femenino','RORE970315MBC13871','6643502726','Calle 35 #896, Tijuana, BC'),(311,'Martinez','Rivera','Sandra','sandra.martinez2024111@estudiante.tec.mx','Femenino','MARS990928MBC76071','6643153217','Calle 14 #944, Tijuana, BC'),(312,'Morales','Morales','Lucia','lucia.morales2024112@estudiante.tec.mx','Femenino','MOML950710MBC99193','6646766330','Calle 44 #259, Tijuana, BC'),(313,'Morales','Lopez','Manuel','manuel.morales2024113@estudiante.tec.mx','Masculino','MOLM910404HBC70312','6642149461','Calle 56 #395, Tijuana, BC'),(314,'Martinez','Garcia','Cristina','cristina.martinez2024114@estudiante.tec.mx','Femenino','MAGC970409MBC67336','6646207770','Calle 100 #256, Tijuana, BC'),(315,'Aguilar','Ortiz','Monica','monica.aguilar2024115@estudiante.tec.mx','Femenino','AGOM991202MBC38747','6642130383','Calle 38 #513, Tijuana, BC'),(316,'Torres','Moreno','Sergio','sergio.torres2024116@estudiante.tec.mx','Masculino','TOMS980902HBC23863','6645836478','Calle 89 #826, Tijuana, BC'),(317,'Guerrero','Vega','Rafael','rafael.guerrero2024117@estudiante.tec.mx','Masculino','GUVR931026HBC27025','6643487664','Calle 88 #546, Tijuana, BC'),(318,'Romero','Ruiz','Ana','ana.romero2024118@estudiante.tec.mx','Femenino','RORA910210MBC31329','6644418584','Calle 25 #82, Tijuana, BC'),(319,'Ruiz','Torres','Elena','elena.ruiz2024119@estudiante.tec.mx','Femenino','RUTE991119MBC73055','6644851575','Calle 63 #829, Tijuana, BC'),(320,'Ramos','Perez','Antonio','antonio.ramos2024120@estudiante.tec.mx','Masculino','RAPA920523HBC17294','6645127927','Calle 48 #987, Tijuana, BC'),(321,'Rivera','Ortiz','Isabel','isabel.rivera2024121@estudiante.tec.mx','Femenino','RIOI980816MBC79832','6649163781','Calle 80 #254, Tijuana, BC'),(322,'Lopez','Ortiz','Jorge','jorge.lopez2024122@estudiante.tec.mx','Masculino','LOOJ920419HBC53149','6647757071','Calle 45 #949, Tijuana, BC'),(323,'Ramos','Rodriguez','Carmen','carmen.ramos2024123@estudiante.tec.mx','Femenino','RARC940825MBC53480','6645027860','Calle 90 #157, Tijuana, BC'),(324,'Mendoza','Romero','Claudia','claudia.mendoza2024124@estudiante.tec.mx','Femenino','MERC930924MBC89293','6649749724','Calle 10 #551, Tijuana, BC'),(325,'Ortiz','Lopez','Miguel','miguel.ortiz2024125@estudiante.tec.mx','Masculino','ORLM981013HBC87297','6643563033','Calle 51 #686, Tijuana, BC'),(326,'Vega','Martinez','Sofia','sofia.vega2024126@estudiante.tec.mx','Femenino','VEMS951119MBC72456','6645356038','Calle 89 #953, Tijuana, BC'),(327,'Ortiz','Diaz','Monica','monica.ortiz2024127@estudiante.tec.mx','Femenino','ORDM921026MBC29545','6643850728','Calle 41 #63, Tijuana, BC'),(328,'Ortiz','Ruiz','Sandra','sandra.ortiz2024128@estudiante.tec.mx','Femenino','ORRS950203MBC97062','6641006644','Calle 27 #314, Tijuana, BC'),(329,'Torres','Perez','Roberto','roberto.torres2024129@estudiante.tec.mx','Masculino','TOPR960215HBC35891','6647066864','Calle 65 #226, Tijuana, BC'),(330,'Rodriguez','Mendoza','Eduardo','eduardo.rodriguez2024130@estudiante.tec.mx','Masculino','ROME950403HBC44371','6643684169','Calle 43 #230, Tijuana, BC'),(331,'Medina','Gomez','Sergio','sergio.medina2024131@estudiante.tec.mx','Masculino','MEGS990725HBC84957','6642175762','Calle 8 #989, Tijuana, BC'),(332,'Garcia','Lopez','Lucia','lucia.garcia2024132@estudiante.tec.mx','Femenino','GALL950305MBC30268','6646157654','Calle 92 #866, Tijuana, BC'),(333,'Rodriguez','Guerrero','Manuel','manuel.rodriguez2024133@estudiante.tec.mx','Masculino','ROGM930417HBC17967','6649384380','Calle 74 #901, Tijuana, BC'),(334,'Medina','Sanchez','Sergio','sergio.medina2024134@estudiante.tec.mx','Masculino','MESS980623HBC57732','6646690074','Calle 43 #241, Tijuana, BC'),(335,'Ruiz','Lopez','Isabel','isabel.ruiz2024135@estudiante.tec.mx','Femenino','RULI961027MBC53055','6641836141','Calle 95 #465, Tijuana, BC'),(336,'Romero','Perez','Elena','elena.romero2024136@estudiante.tec.mx','Femenino','ROPE960607MBC87460','6642849813','Calle 36 #165, Tijuana, BC'),(337,'Medina','Torres','Carmen','carmen.medina2024137@estudiante.tec.mx','Femenino','METC980816MBC88375','6641074992','Calle 87 #319, Tijuana, BC'),(338,'Castro','Castro','Javier','javier.castro2024138@estudiante.tec.mx','Masculino','CACJ940626HBC29739','6649619996','Calle 82 #220, Tijuana, BC'),(339,'Hernandez','Rivera','Sergio','sergio.hernandez2024139@estudiante.tec.mx','Masculino','HERS900211HBC61578','6641603236','Calle 7 #120, Tijuana, BC'),(340,'Morales','Gonzalez','Carlos','carlos.morales2024140@estudiante.tec.mx','Masculino','MOGC980708HBC68447','6642116356','Calle 38 #517, Tijuana, BC'),(341,'Ruiz','Mendoza','Luis','luis.ruiz2024141@estudiante.tec.mx','Masculino','RUML971105HBC20417','6641670567','Calle 12 #374, Tijuana, BC'),(342,'Rodriguez','Gonzalez','Isabel','isabel.rodriguez2024142@estudiante.tec.mx','Femenino','ROGI980320MBC72145','6649303381','Calle 42 #316, Tijuana, BC'),(343,'Gomez','Cruz','Mario','mario.gomez2024143@estudiante.tec.mx','Masculino','GOCM980117HBC91077','6641427395','Calle 99 #800, Tijuana, BC'),(344,'Silva','Flores','Sergio','sergio.silva2024144@estudiante.tec.mx','Masculino','SIFS960304HBC13280','6648509521','Calle 81 #532, Tijuana, BC'),(345,'Ortiz','Silva','Fernando','fernando.ortiz2024145@estudiante.tec.mx','Masculino','ORSF910509HBC45921','6645017595','Calle 85 #886, Tijuana, BC'),(346,'Jimenez','Morales','Monica','monica.jimenez2024146@estudiante.tec.mx','Femenino','JIMM970409MBC55467','6647033327','Calle 45 #196, Tijuana, BC'),(347,'Rivera','Torres','Mario','mario.rivera2024147@estudiante.tec.mx','Masculino','RITM921010HBC37757','6647468972','Calle 1 #883, Tijuana, BC'),(348,'Aguilar','Ortiz','Monica','monica.aguilar2024148@estudiante.tec.mx','Femenino','AGOM920417MBC20482','6647209005','Calle 3 #68, Tijuana, BC'),(349,'Vega','Sanchez','Sofia','sofia.vega2024149@estudiante.tec.mx','Femenino','VESS990505MBC73412','6641026663','Calle 95 #707, Tijuana, BC'),(350,'Rivera','Martinez','Javier','javier.rivera2024150@estudiante.tec.mx','Masculino','RIMJ911126HBC98826','6649776220','Calle 32 #643, Tijuana, BC'),(351,'Castro','Ramirez','Roberto','roberto.castro2024151@estudiante.tec.mx','Masculino','CARR910426HBC66652','6645020900','Calle 84 #823, Tijuana, BC'),(352,'Hernandez','Garcia','Jose','jose.hernandez2024152@estudiante.tec.mx','Masculino','HEGJ970717HBC35870','6645362463','Calle 42 #624, Tijuana, BC'),(353,'Vega','Jimenez','Rafael','rafael.vega2024153@estudiante.tec.mx','Masculino','VEJR940625HBC20697','6645420817','Calle 55 #266, Tijuana, BC'),(354,'Ortiz','Ramirez','Luis','luis.ortiz2024154@estudiante.tec.mx','Masculino','ORRL930724HBC61337','6648365006','Calle 18 #413, Tijuana, BC'),(355,'Reyes','Perez','Manuel','manuel.reyes2024155@estudiante.tec.mx','Masculino','REPM961007HBC76094','6645384114','Calle 63 #648, Tijuana, BC'),(356,'Ramos','Romero','Eduardo','eduardo.ramos2024156@estudiante.tec.mx','Masculino','RARE911014HBC19917','6641886265','Calle 24 #871, Tijuana, BC'),(357,'Vega','Medina','Ricardo','ricardo.vega2024157@estudiante.tec.mx','Masculino','VEMR980313HBC62465','6644119337','Calle 88 #341, Tijuana, BC'),(358,'Ramos','Hernandez','Alberto','alberto.ramos2024158@estudiante.tec.mx','Masculino','RAHA990703HBC80666','6648039432','Calle 3 #795, Tijuana, BC'),(359,'Perez','Ramos','Isabel','isabel.perez2024159@estudiante.tec.mx','Femenino','PERI980922MBC81670','6649545133','Calle 75 #878, Tijuana, BC'),(360,'Guerrero','Silva','Patricia','patricia.guerrero2024160@estudiante.tec.mx','Femenino','GUSP950219MBC96588','6645522301','Calle 89 #893, Tijuana, BC'),(361,'Diaz','Vega','Veronica','veronica.diaz2024161@estudiante.tec.mx','Femenino','DIVV950616MBC41823','6647127867','Calle 96 #753, Tijuana, BC'),(362,'Vega','Torres','Patricia','patricia.vega2024162@estudiante.tec.mx','Femenino','VETP990104MBC56331','6647025292','Calle 62 #84, Tijuana, BC'),(363,'Aguilar','Morales','Laura','laura.aguilar2024163@estudiante.tec.mx','Femenino','AGML920924MBC95131','6644356337','Calle 14 #568, Tijuana, BC'),(364,'Ramirez','Hernandez','Javier','javier.ramirez2024164@estudiante.tec.mx','Masculino','RAHJ960217HBC62021','6649095730','Calle 12 #886, Tijuana, BC'),(365,'Rivera','Sanchez','Claudia','claudia.rivera2024165@estudiante.tec.mx','Femenino','RISC931022MBC53423','6643868699','Calle 14 #710, Tijuana, BC'),(366,'Hernandez','Romero','Francisco','francisco.hernandez2024166@estudiante.tec.mx','Masculino','HERF980623HBC61353','6647280998','Calle 5 #121, Tijuana, BC'),(367,'Gonzalez','Romero','Jorge','jorge.gonzalez2024167@estudiante.tec.mx','Masculino','GORJ980202HBC80681','6646548139','Calle 70 #648, Tijuana, BC'),(368,'Ortiz','Gomez','Gabriela','gabriela.ortiz2024168@estudiante.tec.mx','Femenino','ORGG940205MBC49678','6645431878','Calle 18 #391, Tijuana, BC'),(369,'Gomez','Guerrero','Francisco','francisco.gomez2024169@estudiante.tec.mx','Masculino','GOGF950315HBC97636','6645936397','Calle 87 #661, Tijuana, BC'),(370,'Romero','Gonzalez','Javier','javier.romero2024170@estudiante.tec.mx','Masculino','ROGJ961220HBC70637','6645758046','Calle 72 #979, Tijuana, BC'),(371,'Diaz','Rodriguez','Diego','diego.diaz2024171@estudiante.tec.mx','Masculino','DIRD900209HBC34248','6644070620','Calle 42 #63, Tijuana, BC'),(372,'Hernandez','Romero','Ricardo','ricardo.hernandez2024172@estudiante.tec.mx','Masculino','HERR940826HBC62230','6644349467','Calle 20 #841, Tijuana, BC'),(373,'Mendoza','Flores','Sandra','sandra.mendoza2024173@estudiante.tec.mx','Femenino','MEFS910910MBC54751','6648305337','Calle 68 #949, Tijuana, BC'),(374,'Jimenez','Garcia','Elena','elena.jimenez2024174@estudiante.tec.mx','Femenino','JIGE950501MBC95576','6648561718','Calle 99 #413, Tijuana, BC'),(375,'Romero','Jimenez','Luis','luis.romero2024175@estudiante.tec.mx','Masculino','ROJL900303HBC66693','6647970414','Calle 8 #48, Tijuana, BC'),(376,'Diaz','Lopez','Jorge','jorge.diaz2024176@estudiante.tec.mx','Masculino','DILJ950923HBC85283','6645998195','Calle 34 #31, Tijuana, BC'),(377,'Castro','Aguilar','Diana','diana.castro2024177@estudiante.tec.mx','Femenino','CAAD910727MBC35557','6648107857','Calle 37 #453, Tijuana, BC'),(378,'Rivera','Ramos','Diego','diego.rivera2024178@estudiante.tec.mx','Masculino','RIRD910707HBC65846','6642319030','Calle 53 #197, Tijuana, BC'),(379,'Lopez','Ramos','Rafael','rafael.lopez2024179@estudiante.tec.mx','Masculino','LORR920922HBC68097','6649370374','Calle 74 #865, Tijuana, BC'),(380,'Morales','Ruiz','Teresa','teresa.morales2024180@estudiante.tec.mx','Femenino','MORT920722MBC40742','6647925750','Calle 78 #544, Tijuana, BC'),(381,'Aguilar','Rivera','Cristina','cristina.aguilar2024181@estudiante.tec.mx','Femenino','AGRC970716MBC98336','6645911604','Calle 84 #537, Tijuana, BC'),(382,'Silva','Medina','Teresa','teresa.silva2024182@estudiante.tec.mx','Femenino','SIMT980707MBC52171','6641051383','Calle 99 #893, Tijuana, BC'),(383,'Morales','Torres','Ana','ana.morales2024183@estudiante.tec.mx','Femenino','MOTA991227MBC82025','6645101752','Calle 77 #450, Tijuana, BC'),(384,'Hernandez','Ortiz','Monica','monica.hernandez2024184@estudiante.tec.mx','Femenino','HEOM920917MBC90072','6648166530','Calle 91 #125, Tijuana, BC'),(385,'Mendoza','Cruz','Pedro','pedro.mendoza2024185@estudiante.tec.mx','Masculino','MECP940317HBC48640','6644633273','Calle 1 #802, Tijuana, BC'),(386,'Sanchez','Martinez','Maria','maria.sanchez2024186@estudiante.tec.mx','Femenino','SAMM970301MBC39063','6649829320','Calle 14 #735, Tijuana, BC'),(387,'Aguilar','Flores','Beatriz','beatriz.aguilar2024187@estudiante.tec.mx','Femenino','AGFB991228MBC99113','6643135066','Calle 7 #589, Tijuana, BC'),(388,'Castro','Morales','Diego','diego.castro2024188@estudiante.tec.mx','Masculino','CAMD970328HBC25697','6644138262','Calle 83 #63, Tijuana, BC'),(389,'Torres','Gomez','Francisco','francisco.torres2024189@estudiante.tec.mx','Masculino','TOGF941016HBC46044','6647537147','Calle 48 #197, Tijuana, BC'),(390,'Medina','Ramos','Sandra','sandra.medina2024190@estudiante.tec.mx','Femenino','MERS991206MBC14669','6642418930','Calle 81 #533, Tijuana, BC'),(391,'Romero','Hernandez','Adriana','adriana.romero2024191@estudiante.tec.mx','Femenino','ROHA990224MBC81751','6649141336','Calle 15 #8, Tijuana, BC'),(392,'Medina','Lopez','Carmen','carmen.medina2024192@estudiante.tec.mx','Femenino','MELC930911MBC80981','6646305321','Calle 58 #109, Tijuana, BC'),(393,'Flores','Mendoza','Fernando','fernando.flores2024193@estudiante.tec.mx','Masculino','FLMF931107HBC75289','6643028618','Calle 49 #756, Tijuana, BC'),(394,'Morales','Rivera','Francisco','francisco.morales2024194@estudiante.tec.mx','Masculino','MORF931216HBC10743','6648731008','Calle 17 #246, Tijuana, BC'),(395,'Hernandez','Diaz','Mario','mario.hernandez2024195@estudiante.tec.mx','Masculino','HEDM951117HBC36575','6647625044','Calle 51 #333, Tijuana, BC'),(396,'Diaz','Silva','Luis','luis.diaz2024196@estudiante.tec.mx','Masculino','DISL910623HBC67879','6649518667','Calle 41 #202, Tijuana, BC'),(397,'Perez','Ramirez','Rosa','rosa.perez2024197@estudiante.tec.mx','Femenino','PERR971018MBC75981','6647943747','Calle 48 #60, Tijuana, BC'),(398,'Medina','Ramos','Sandra','sandra.medina2024198@estudiante.tec.mx','Femenino','MERS990302MBC73143','6647857319','Calle 69 #157, Tijuana, BC'),(399,'Ramos','Garcia','Roberto','roberto.ramos2024199@estudiante.tec.mx','Masculino','RAGR930604HBC29877','6641927905','Calle 26 #974, Tijuana, BC'),(400,'Flores','Silva','Sofia','sofia.flores2024200@estudiante.tec.mx','Femenino','FLSS980816MBC13855','6644772020','Calle 57 #582, Tijuana, BC');
/*!40000 ALTER TABLE `datospersonales` ENABLE KEYS */;
UNLOCK TABLES;

--
-- Table structure for table `directivo`
--

DROP TABLE IF EXISTS `directivo`;
/*!40101 SET @saved_cs_client     = @@character_set_client */;
/*!50503 SET character_set_client = utf8mb4 */;
CREATE TABLE `directivo` (
  `id_Directivo` int NOT NULL AUTO_INCREMENT,
  `id_empleado` int NOT NULL,
  `estado` enum('activo','inactivo') DEFAULT NULL,
  PRIMARY KEY (`id_Directivo`),
  KEY `id_empleado` (`id_empleado`),
  CONSTRAINT `directivo_ibfk_1` FOREIGN KEY (`id_empleado`) REFERENCES `empleado` (`id_empleado`)
) ENGINE=InnoDB DEFAULT CHARSET=utf8mb4 COLLATE=utf8mb4_0900_ai_ci;
/*!40101 SET character_set_client = @saved_cs_client */;

--
-- Dumping data for table `directivo`
--

LOCK TABLES `directivo` WRITE;
/*!40000 ALTER TABLE `directivo` DISABLE KEYS */;
/*!40000 ALTER TABLE `directivo` ENABLE KEYS */;
UNLOCK TABLES;

--
-- Table structure for table `empleado`
--

DROP TABLE IF EXISTS `empleado`;
/*!40101 SET @saved_cs_client     = @@character_set_client */;
/*!50503 SET character_set_client = utf8mb4 */;
CREATE TABLE `empleado` (
  `id_empleado` int NOT NULL AUTO_INCREMENT,
  `id_dp` int NOT NULL,
  `estado` enum('activo','inactivo') DEFAULT NULL,
  `RFC` varchar(20) DEFAULT NULL,
  PRIMARY KEY (`id_empleado`),
  KEY `id_dp` (`id_dp`),
  CONSTRAINT `empleado_ibfk_1` FOREIGN KEY (`id_dp`) REFERENCES `datospersonales` (`id_dp`)
) ENGINE=InnoDB AUTO_INCREMENT=51 DEFAULT CHARSET=utf8mb4 COLLATE=utf8mb4_0900_ai_ci;
/*!40101 SET character_set_client = @saved_cs_client */;

--
-- Dumping data for table `empleado`
--

LOCK TABLES `empleado` WRITE;
/*!40000 ALTER TABLE `empleado` DISABLE KEYS */;
INSERT INTO `empleado` VALUES (1,1,'activo','SF0S22O08S24G'),(2,2,'activo','R02FKJGBGNF4Y'),(3,3,'activo','C4J8S2MGWRP8Y'),(4,4,'activo','9UK1EYVQ7DBF8'),(5,5,'activo','85XL2ROZ7RCL4'),(6,6,'activo','X19DJH2KPOA1B'),(7,7,'activo','90Q7MLOMUGY2N'),(8,8,'activo','Z60DSJ2WQ695H'),(9,9,'activo','9OELHZ2WC6H8Q'),(10,10,'activo','JD4ZZE45122RH'),(11,11,'activo','U7IROW9KREWXN'),(12,12,'activo','QVFU2RO4ER5I6'),(13,13,'activo','0Z50SD0OJCL9B'),(14,14,'activo','VKD3MXWW714Q8'),(15,15,'activo','MVAVZT925WU6W'),(16,16,'activo','YTM005U7H4LA8'),(17,17,'activo','HLHRD35ZBEO94'),(18,18,'activo','7CQ7KLU13R25E'),(19,19,'activo','2NGWDK4S7531U'),(20,20,'activo','QXIUFLXVM5Z7F'),(21,21,'activo','Y3YQDO4197X1X'),(22,22,'activo','YMFYRQSTN16YE'),(23,23,'activo','TBDT48UJVY72H'),(24,24,'activo','INUGWSOO2NIJC'),(25,25,'activo','XYL5SLZDFCP00'),(26,26,'activo','LN92SNQJCUU9B'),(27,27,'activo','RFD2GDEFBVHF3'),(28,28,'activo','KVB1E36S5UWUH'),(29,29,'activo','DM7JTQ4MTSEVJ'),(30,30,'activo','J95G4KEL2NLRP'),(31,31,'activo','F6V8GIIO0P6MX'),(32,32,'activo','Q7THOX1NEC9VE'),(33,33,'activo','3GLUYW9QEHQ7H'),(34,34,'activo','PWQG6UBHWUF92'),(35,35,'activo','2HC3JVUMXM9RH'),(36,36,'activo','4DVPTNP2PLE8Y'),(37,37,'activo','LM8I74SRZ0E7M'),(38,38,'activo','WB3R74CU8I3OI'),(39,39,'activo','T9K6LH7LQD4WM'),(40,40,'activo','P5AYXPL7UPWJM'),(41,41,'activo','2V2HWKDKSU1SL'),(42,42,'activo','NQLVS9BZ2I2X9'),(43,43,'activo','DFUQVIEF1UPIF'),(44,44,'activo','UM38OT7G5E0VJ'),(45,45,'activo','1NO28E86YWE0O'),(46,46,'activo','FYUYBJ91E4GC0'),(47,47,'activo','VPZ7N74TWCDOG'),(48,48,'activo','OM57PATRP2N5N'),(49,49,'activo','QAGGLNJST53UG'),(50,50,'activo','BSXB521Z9BDVY');
/*!40000 ALTER TABLE `empleado` ENABLE KEYS */;
UNLOCK TABLES;

--
-- Table structure for table `estudiante`
--

DROP TABLE IF EXISTS `estudiante`;
/*!40101 SET @saved_cs_client     = @@character_set_client */;
/*!50503 SET character_set_client = utf8mb4 */;
CREATE TABLE `estudiante` (
  `nControl` int NOT NULL,
  `id_dp` int NOT NULL,
  `estado` enum('activo','inactivo') DEFAULT NULL,
  `ubicacion` varchar(50) DEFAULT NULL,
  `id_Nivel` int DEFAULT '0',
  PRIMARY KEY (`nControl`),
  KEY `id_dp` (`id_dp`),
  KEY `id_Nivel` (`id_Nivel`),
  CONSTRAINT `estudiante_ibfk_1` FOREIGN KEY (`id_dp`) REFERENCES `datospersonales` (`id_dp`),
  CONSTRAINT `estudiante_ibfk_2` FOREIGN KEY (`id_Nivel`) REFERENCES `nivel` (`id_Nivel`)
) ENGINE=InnoDB DEFAULT CHARSET=utf8mb4 COLLATE=utf8mb4_0900_ai_ci;
/*!40101 SET character_set_client = @saved_cs_client */;

--
-- Dumping data for table `estudiante`
--

LOCK TABLES `estudiante` WRITE;
/*!40000 ALTER TABLE `estudiante` DISABLE KEYS */;
INSERT INTO `estudiante` VALUES (1000,51,'activo','Tecnologico',0),(1001,52,'activo','Nodo',0),(1002,53,'activo','Tecnologico',0),(1003,54,'activo','Nodo',0),(1004,55,'activo','Tecnologico',0),(1005,56,'activo','Nodo',0),(1006,57,'activo','Tecnologico',0),(1007,58,'activo','Nodo',0),(1008,59,'activo','Tecnologico',0),(1009,60,'activo','Nodo',0),(1010,61,'activo','Tecnologico',0),(1011,62,'activo','Nodo',0),(1012,63,'activo','Tecnologico',0),(1013,64,'activo','Nodo',0),(1014,65,'activo','Tecnologico',0),(1015,66,'activo','Nodo',0),(1016,67,'activo','Tecnologico',0),(1017,68,'activo','Nodo',0),(1018,69,'activo','Tecnologico',0),(1019,70,'activo','Nodo',0),(1020,71,'activo','Tecnologico',0),(1021,72,'activo','Nodo',0),(1022,73,'activo','Tecnologico',0),(1023,74,'activo','Nodo',0),(1024,75,'activo','Tecnologico',0),(1025,76,'activo','Nodo',0),(1026,77,'activo','Tecnologico',0),(1027,78,'activo','Nodo',0),(1028,79,'activo','Tecnologico',0),(1029,80,'activo','Nodo',0),(1030,81,'activo','Tecnologico',0),(1031,82,'activo','Nodo',0),(1032,83,'activo','Tecnologico',0),(1033,84,'activo','Nodo',0),(1034,85,'activo','Tecnologico',0),(1035,86,'activo','Nodo',0),(1036,87,'activo','Tecnologico',0),(1037,88,'activo','Nodo',0),(1038,89,'activo','Tecnologico',0),(1039,90,'activo','Nodo',0),(1040,91,'activo','Tecnologico',0),(1041,92,'activo','Nodo',0),(1042,93,'activo','Tecnologico',0),(1043,94,'activo','Nodo',0),(1044,95,'activo','Tecnologico',0),(1045,96,'activo','Nodo',0),(1046,97,'activo','Tecnologico',0),(1047,98,'activo','Nodo',0),(1048,99,'activo','Tecnologico',0),(1049,100,'activo','Nodo',0),(1050,101,'activo','Tecnologico',0),(1051,102,'activo','Nodo',0),(1052,103,'activo','Tecnologico',0),(1053,104,'activo','Nodo',0),(1054,105,'activo','Tecnologico',0),(1055,106,'activo','Nodo',0),(1056,107,'activo','Tecnologico',0),(1057,108,'activo','Nodo',0),(1058,109,'activo','Tecnologico',0),(1059,110,'activo','Nodo',0),(1060,111,'activo','Tecnologico',0),(1061,112,'activo','Nodo',0),(1062,113,'activo','Tecnologico',0),(1063,114,'activo','Nodo',0),(1064,115,'activo','Tecnologico',0),(1065,116,'activo','Nodo',0),(1066,117,'activo','Tecnologico',0),(1067,118,'activo','Nodo',0),(1068,119,'activo','Tecnologico',0),(1069,120,'activo','Nodo',0),(1070,121,'activo','Tecnologico',0),(1071,122,'activo','Nodo',0),(1072,123,'activo','Tecnologico',0),(1073,124,'activo','Nodo',0),(1074,125,'activo','Tecnologico',0),(1075,126,'activo','Nodo',0),(1076,127,'activo','Tecnologico',0),(1077,128,'activo','Nodo',0),(1078,129,'activo','Tecnologico',0),(1079,130,'activo','Nodo',0),(1080,131,'activo','Tecnologico',0),(1081,132,'activo','Nodo',0),(1082,133,'activo','Tecnologico',0),(1083,134,'activo','Nodo',0),(1084,135,'activo','Tecnologico',0),(1085,136,'activo','Nodo',0),(1086,137,'activo','Tecnologico',0),(1087,138,'activo','Nodo',0),(1088,139,'activo','Tecnologico',0),(1089,140,'activo','Nodo',0),(1090,141,'activo','Tecnologico',0),(1091,142,'activo','Nodo',0),(1092,143,'activo','Tecnologico',0),(1093,144,'activo','Nodo',0),(1094,145,'activo','Tecnologico',0),(1095,146,'activo','Nodo',0),(1096,147,'activo','Tecnologico',0),(1097,148,'activo','Nodo',0),(1098,149,'activo','Tecnologico',0),(1099,150,'activo','Nodo',0),(2024001,201,'activo','Tecnologico',2),(2024002,202,'activo','Tecnologico',4),(2024003,203,'activo','Tecnologico',2),(2024004,204,'activo','Centro de Idiomas',5),(2024005,205,'activo','Tecnologico',0),(2024006,206,'activo','Tecnologico',4),(2024007,207,'activo','Tecnologico',1),(2024008,208,'activo','Tecnologico',6),(2024009,209,'activo','Tecnologico',2),(2024010,210,'activo','Tecnologico',3),(2024011,211,'activo','Centro de Idiomas',5),(2024012,212,'activo','Centro de Idiomas',1),(2024013,213,'activo','Tecnologico',0),(2024014,214,'activo','Tecnologico',2),(2024015,215,'activo','Centro de Idiomas',5),(2024016,216,'activo','Tecnologico',1),(2024017,217,'activo','Centro de Idiomas',3),(2024018,218,'activo','Centro de Idiomas',3),(2024019,219,'activo','Tecnologico',4),(2024020,220,'activo','Tecnologico',3),(2024021,221,'activo','Tecnologico',6),(2024022,222,'activo','Tecnologico',2),(2024023,223,'activo','Tecnologico',3),(2024024,224,'activo','Tecnologico',6),(2024025,225,'activo','Tecnologico',3),(2024026,226,'activo','Tecnologico',1),(2024027,227,'activo','Tecnologico',2),(2024028,228,'activo','Tecnologico',3),(2024029,229,'activo','Tecnologico',5),(2024030,230,'activo','Centro de Idiomas',5),(2024031,231,'activo','Tecnologico',3),(2024032,232,'activo','Tecnologico',6),(2024033,233,'activo','Centro de Idiomas',6),(2024034,234,'activo','Tecnologico',6),(2024035,235,'activo','Tecnologico',4),(2024036,236,'activo','Tecnologico',2),(2024037,237,'activo','Tecnologico',3),(2024038,238,'activo','Centro de Idiomas',5),(2024039,239,'activo','Tecnologico',3),(2024040,240,'activo','Tecnologico',5),(2024041,241,'activo','Centro de Idiomas',3),(2024042,242,'activo','Tecnologico',5),(2024043,243,'activo','Centro de Idiomas',4),(2024044,244,'activo','Centro de Idiomas',5),(2024045,245,'activo','Tecnologico',5),(2024046,246,'activo','Centro de Idiomas',3),(2024047,247,'activo','Tecnologico',1),(2024048,248,'activo','Tecnologico',5),(2024049,249,'activo','Tecnologico',6),(2024050,250,'activo','Centro de Idiomas',5),(2024051,251,'activo','Tecnologico',6),(2024052,252,'activo','Tecnologico',3),(2024053,253,'activo','Tecnologico',2),(2024054,254,'activo','Tecnologico',1),(2024055,255,'activo','Centro de Idiomas',1),(2024056,256,'activo','Tecnologico',3),(2024057,257,'activo','Centro de Idiomas',5),(2024058,258,'activo','Centro de Idiomas',5),(2024059,259,'activo','Tecnologico',2),(2024060,260,'activo','Tecnologico',4),(2024061,261,'activo','Tecnologico',4),(2024062,262,'activo','Tecnologico',2),(2024063,263,'activo','Tecnologico',2),(2024064,264,'activo','Centro de Idiomas',0),(2024065,265,'activo','Tecnologico',5),(2024066,266,'activo','Tecnologico',3),(2024067,267,'activo','Tecnologico',2),(2024068,268,'activo','Tecnologico',2),(2024069,269,'activo','Centro de Idiomas',1),(2024070,270,'activo','Tecnologico',0),(2024071,271,'activo','Tecnologico',4),(2024072,272,'activo','Tecnologico',0),(2024073,273,'activo','Tecnologico',5),(2024074,274,'activo','Tecnologico',6),(2024075,275,'activo','Tecnologico',4),(2024076,276,'activo','Tecnologico',4),(2024077,277,'activo','Tecnologico',2),(2024078,278,'activo','Tecnologico',6),(2024079,279,'activo','Tecnologico',4),(2024080,280,'activo','Tecnologico',2),(2024081,281,'activo','Centro de Idiomas',1),(2024082,282,'activo','Tecnologico',5),(2024083,283,'activo','Centro de Idiomas',5),(2024084,284,'activo','Centro de Idiomas',2),(2024085,285,'activo','Tecnologico',2),(2024086,286,'activo','Tecnologico',0),(2024087,287,'activo','Tecnologico',0),(2024088,288,'activo','Tecnologico',6),(2024089,289,'activo','Tecnologico',5),(2024090,290,'activo','Tecnologico',0),(2024091,291,'activo','Tecnologico',0),(2024092,292,'activo','Tecnologico',3),(2024093,293,'activo','Tecnologico',0),(2024094,294,'activo','Centro de Idiomas',6),(2024095,295,'activo','Tecnologico',6),(2024096,296,'activo','Tecnologico',1),(2024097,297,'activo','Centro de Idiomas',0),(2024098,298,'activo','Tecnologico',1),(2024099,299,'activo','Tecnologico',5),(2024100,300,'activo','Centro de Idiomas',6),(2024101,301,'activo','Tecnologico',1),(2024102,302,'activo','Tecnologico',5),(2024103,303,'activo','Tecnologico',5),(2024104,304,'activo','Tecnologico',1),(2024105,305,'activo','Tecnologico',6),(2024106,306,'activo','Centro de Idiomas',2),(2024107,307,'activo','Tecnologico',5),(2024108,308,'activo','Tecnologico',5),(2024109,309,'activo','Tecnologico',4),(2024110,310,'activo','Tecnologico',3),(2024111,311,'activo','Tecnologico',5),(2024112,312,'activo','Centro de Idiomas',1),(2024113,313,'activo','Tecnologico',2),(2024114,314,'activo','Tecnologico',4),(2024115,315,'activo','Tecnologico',4),(2024116,316,'activo','Tecnologico',6),(2024117,317,'activo','Tecnologico',6),(2024118,318,'activo','Tecnologico',0),(2024119,319,'activo','Tecnologico',6),(2024120,320,'activo','Tecnologico',4),(2024121,321,'activo','Centro de Idiomas',4),(2024122,322,'activo','Tecnologico',2),(2024123,323,'activo','Tecnologico',6),(2024124,324,'activo','Tecnologico',5),(2024125,325,'activo','Centro de Idiomas',3),(2024126,326,'activo','Tecnologico',5),(2024127,327,'activo','Tecnologico',2),(2024128,328,'activo','Centro de Idiomas',6),(2024129,329,'activo','Tecnologico',1),(2024130,330,'activo','Centro de Idiomas',4),(2024131,331,'activo','Centro de Idiomas',4),(2024132,332,'activo','Tecnologico',2),(2024133,333,'activo','Tecnologico',5),(2024134,334,'activo','Centro de Idiomas',6),(2024135,335,'activo','Tecnologico',6),(2024136,336,'activo','Centro de Idiomas',2),(2024137,337,'activo','Centro de Idiomas',6),(2024138,338,'activo','Tecnologico',3),(2024139,339,'activo','Tecnologico',4),(2024140,340,'activo','Tecnologico',4),(2024141,341,'activo','Tecnologico',3),(2024142,342,'activo','Tecnologico',4),(2024143,343,'activo','Tecnologico',5),(2024144,344,'activo','Tecnologico',4),(2024145,345,'activo','Centro de Idiomas',5),(2024146,346,'activo','Tecnologico',4),(2024147,347,'activo','Tecnologico',2),(2024148,348,'activo','Tecnologico',0),(2024149,349,'activo','Centro de Idiomas',2),(2024150,350,'activo','Tecnologico',3),(2024151,351,'activo','Tecnologico',4),(2024152,352,'activo','Centro de Idiomas',3),(2024153,353,'activo','Tecnologico',4),(2024154,354,'activo','Tecnologico',3),(2024155,355,'activo','Tecnologico',6),(2024156,356,'activo','Tecnologico',4),(2024157,357,'activo','Tecnologico',2),(2024158,358,'activo','Centro de Idiomas',0),(2024159,359,'activo','Tecnologico',1),(2024160,360,'activo','Centro de Idiomas',3),(2024161,361,'activo','Centro de Idiomas',1),(2024162,362,'activo','Tecnologico',3),(2024163,363,'activo','Tecnologico',3),(2024164,364,'activo','Tecnologico',5),(2024165,365,'activo','Tecnologico',4),(2024166,366,'activo','Tecnologico',0),(2024167,367,'activo','Tecnologico',5),(2024168,368,'activo','Tecnologico',6),(2024169,369,'activo','Centro de Idiomas',4),(2024170,370,'activo','Centro de Idiomas',5),(2024171,371,'activo','Tecnologico',0),(2024172,372,'activo','Tecnologico',4),(2024173,373,'activo','Centro de Idiomas',5),(2024174,374,'activo','Tecnologico',2),(2024175,375,'activo','Tecnologico',6),(2024176,376,'activo','Tecnologico',4),(2024177,377,'activo','Tecnologico',3),(2024178,378,'activo','Tecnologico',2),(2024179,379,'activo','Tecnologico',0),(2024180,380,'activo','Tecnologico',2),(2024181,381,'activo','Tecnologico',2),(2024182,382,'activo','Tecnologico',6),(2024183,383,'activo','Centro de Idiomas',3),(2024184,384,'activo','Centro de Idiomas',1),(2024185,385,'activo','Tecnologico',4),(2024186,386,'activo','Tecnologico',0),(2024187,387,'activo','Centro de Idiomas',0),(2024188,388,'activo','Centro de Idiomas',0),(2024189,389,'activo','Tecnologico',1),(2024190,390,'activo','Tecnologico',5),(2024191,391,'activo','Tecnologico',0),(2024192,392,'activo','Centro de Idiomas',5),(2024193,393,'activo','Tecnologico',2),(2024194,394,'activo','Centro de Idiomas',6),(2024195,395,'activo','Tecnologico',4),(2024196,396,'activo','Centro de Idiomas',2),(2024197,397,'activo','Centro de Idiomas',1),(2024198,398,'activo','Centro de Idiomas',0),(2024199,399,'activo','Tecnologico',4),(2024200,400,'activo','Tecnologico',1);
/*!40000 ALTER TABLE `estudiante` ENABLE KEYS */;
UNLOCK TABLES;

--
-- Table structure for table `estudiantecalificaciones`
--

DROP TABLE IF EXISTS `estudiantecalificaciones`;
/*!40101 SET @saved_cs_client     = @@character_set_client */;
/*!50503 SET character_set_client = utf8mb4 */;
CREATE TABLE `estudiantecalificaciones` (
  `nControl` int NOT NULL,
  `id_Calificaciones` int NOT NULL,
  PRIMARY KEY (`nControl`,`id_Calificaciones`),
  KEY `id_Calificaciones` (`id_Calificaciones`),
  CONSTRAINT `estudiantecalificaciones_ibfk_1` FOREIGN KEY (`nControl`) REFERENCES `estudiante` (`nControl`),
  CONSTRAINT `estudiantecalificaciones_ibfk_2` FOREIGN KEY (`id_Calificaciones`) REFERENCES `calificaciones` (`id_Calificaciones`)
) ENGINE=InnoDB DEFAULT CHARSET=utf8mb4 COLLATE=utf8mb4_0900_ai_ci;
/*!40101 SET character_set_client = @saved_cs_client */;

--
-- Dumping data for table `estudiantecalificaciones`
--

LOCK TABLES `estudiantecalificaciones` WRITE;
/*!40000 ALTER TABLE `estudiantecalificaciones` DISABLE KEYS */;
INSERT INTO `estudiantecalificaciones` VALUES (1000,1),(1001,2),(1002,3),(1003,4),(1004,5),(1005,6),(1006,7),(1007,8),(1008,9),(1009,10),(1010,11),(1011,12),(1012,13),(1013,14),(1014,15),(1015,16),(1016,17),(1017,18),(1018,19),(1019,20),(1020,21),(1021,22),(1022,23),(1023,24),(1024,25),(1025,26),(1026,27),(1027,28),(1028,29),(1029,30),(1030,31),(1031,32),(1032,33),(1033,34),(1034,35),(1035,36),(1036,37),(1037,38),(1038,39),(1039,40),(1040,41),(1041,42),(1042,43),(1043,44),(1044,45),(1045,46),(1046,47),(2024051,48),(2024032,49),(2024049,50),(2024024,51),(2024117,52),(2024168,53),(2024095,54),(2024008,55),(2024088,56),(2024034,57),(2024078,58),(2024021,59),(2024105,60),(2024123,61),(2024155,62),(2024175,63),(2024135,64),(2024074,65),(2024119,66),(2024182,67);
/*!40000 ALTER TABLE `estudiantecalificaciones` ENABLE KEYS */;
UNLOCK TABLES;

--
-- Table structure for table `estudiantegrupo`
--

DROP TABLE IF EXISTS `estudiantegrupo`;
/*!40101 SET @saved_cs_client     = @@character_set_client */;
/*!50503 SET character_set_client = utf8mb4 */;
CREATE TABLE `estudiantegrupo` (
  `nControl` int NOT NULL,
  `id_Grupo` int NOT NULL,
  `estado` enum('concluido','actual') DEFAULT NULL,
  PRIMARY KEY (`nControl`,`id_Grupo`),
  KEY `id_Grupo` (`id_Grupo`),
  CONSTRAINT `estudiantegrupo_ibfk_1` FOREIGN KEY (`nControl`) REFERENCES `estudiante` (`nControl`),
  CONSTRAINT `estudiantegrupo_ibfk_2` FOREIGN KEY (`id_Grupo`) REFERENCES `grupo` (`id_Grupo`)
) ENGINE=InnoDB DEFAULT CHARSET=utf8mb4 COLLATE=utf8mb4_0900_ai_ci;
/*!40101 SET character_set_client = @saved_cs_client */;

--
-- Dumping data for table `estudiantegrupo`
--

LOCK TABLES `estudiantegrupo` WRITE;
/*!40000 ALTER TABLE `estudiantegrupo` DISABLE KEYS */;
INSERT INTO `estudiantegrupo` VALUES (1000,1,'actual'),(1001,2,'actual'),(1002,3,'actual'),(1003,4,'actual'),(1004,5,'actual'),(1005,6,'actual'),(1006,7,'actual'),(1007,8,'actual'),(1008,9,'actual'),(1009,10,'actual'),(1010,1,'actual'),(1010,11,'actual'),(1011,12,'actual'),(1012,13,'actual'),(1013,14,'actual'),(1014,15,'actual'),(1015,16,'actual'),(1016,17,'actual'),(1017,18,'actual'),(1018,19,'actual'),(1019,20,'actual'),(1020,1,'actual'),(1021,2,'actual'),(1022,1,'actual'),(1022,3,'actual'),(1023,4,'actual'),(1024,5,'actual'),(1025,6,'actual'),(1026,7,'actual'),(1027,8,'actual'),(1028,9,'actual'),(1029,10,'actual'),(1030,11,'actual'),(1031,12,'actual'),(1032,13,'actual'),(1033,14,'actual'),(1034,15,'actual'),(1035,16,'actual'),(1036,17,'actual'),(1037,18,'actual'),(1038,19,'actual'),(1039,20,'actual'),(1040,1,'actual'),(1041,2,'actual'),(1042,3,'actual'),(1043,4,'actual'),(1044,1,'actual'),(1044,5,'actual'),(1045,6,'actual'),(1046,7,'actual'),(1048,1,'actual'),(1050,1,'actual'),(1052,1,'actual'),(1068,1,'actual'),(1070,1,'actual'),(1094,1,'actual'),(1098,1,'actual'),(2024005,1,'actual'),(2024008,22,'actual'),(2024021,22,'actual'),(2024024,22,'actual'),(2024032,22,'actual'),(2024034,22,'actual'),(2024049,22,'actual'),(2024051,22,'actual'),(2024074,22,'actual'),(2024078,22,'actual'),(2024086,1,'actual'),(2024087,1,'actual'),(2024088,22,'actual'),(2024091,1,'actual'),(2024095,22,'actual'),(2024105,22,'actual'),(2024117,22,'actual'),(2024119,22,'actual'),(2024123,22,'actual'),(2024135,22,'actual'),(2024148,1,'actual'),(2024155,22,'actual'),(2024166,1,'actual'),(2024168,22,'actual'),(2024171,1,'actual'),(2024175,22,'actual'),(2024182,22,'actual');
/*!40000 ALTER TABLE `estudiantegrupo` ENABLE KEYS */;
UNLOCK TABLES;

--
-- Table structure for table `grupo`
--

DROP TABLE IF EXISTS `grupo`;
/*!40101 SET @saved_cs_client     = @@character_set_client */;
/*!50503 SET character_set_client = utf8mb4 */;
CREATE TABLE `grupo` (
  `id_Grupo` int NOT NULL AUTO_INCREMENT,
  `grupo` varchar(50) DEFAULT NULL,
  `id_Periodo` int DEFAULT NULL,
  `id_Profesor` int DEFAULT NULL,
  `id_Nivel` int DEFAULT NULL,
  `ubicacion` varchar(50) DEFAULT NULL,
  `id_cHorario` int DEFAULT NULL,
  PRIMARY KEY (`id_Grupo`),
  KEY `id_Periodo` (`id_Periodo`),
  KEY `id_Profesor` (`id_Profesor`),
  KEY `id_Nivel` (`id_Nivel`),
  KEY `id_cHorario` (`id_cHorario`),
  CONSTRAINT `grupo_ibfk_1` FOREIGN KEY (`id_Periodo`) REFERENCES `periodo` (`id_Periodo`),
  CONSTRAINT `grupo_ibfk_2` FOREIGN KEY (`id_Profesor`) REFERENCES `profesor` (`id_Profesor`),
  CONSTRAINT `grupo_ibfk_3` FOREIGN KEY (`id_Nivel`) REFERENCES `nivel` (`id_Nivel`),
  CONSTRAINT `grupo_ibfk_4` FOREIGN KEY (`id_cHorario`) REFERENCES `catalogohorarios` (`id_cHorario`)
) ENGINE=InnoDB AUTO_INCREMENT=23 DEFAULT CHARSET=utf8mb4 COLLATE=utf8mb4_0900_ai_ci;
/*!40101 SET character_set_client = @saved_cs_client */;

--
-- Dumping data for table `grupo`
--

LOCK TABLES `grupo` WRITE;
/*!40000 ALTER TABLE `grupo` DISABLE KEYS */;
INSERT INTO `grupo` VALUES (1,'Grupo 1',1,10,0,'Tecnologico',1),(2,'Grupo 2',2,2,1,'Nodo',2),(3,'Grupo 3',1,3,2,'Tecnologico',3),(4,'Grupo 4',2,4,3,'Nodo',4),(5,'Grupo 5',1,5,4,'Tecnologico',5),(6,'Grupo 6',2,6,5,'Nodo',6),(7,'Grupo 7',1,7,6,'Tecnologico',7),(8,'Grupo 8',2,8,0,'Nodo',8),(9,'Grupo 9',1,9,1,'Tecnologico',9),(10,'Grupo 10',2,10,2,'Nodo',10),(11,'Grupo 11',1,11,3,'Tecnologico',11),(12,'Grupo 12',2,12,4,'Nodo',12),(13,'Grupo 13',1,13,5,'Tecnologico',13),(14,'Grupo 14',2,14,6,'Nodo',14),(15,'Grupo 15',1,15,0,'Tecnologico',15),(16,'Grupo 16',2,16,1,'Nodo',16),(17,'Grupo 17',1,17,2,'Tecnologico',17),(18,'Grupo 18',2,18,3,'Nodo',18),(19,'Grupo 19',1,19,4,'Tecnologico',19),(20,'Grupo 20',2,20,5,'Nodo',20),(22,'Grupo 21',2,10,6,'Tecnologico',41);
/*!40000 ALTER TABLE `grupo` ENABLE KEYS */;
UNLOCK TABLES;

--
-- Table structure for table `nivel`
--

DROP TABLE IF EXISTS `nivel`;
/*!40101 SET @saved_cs_client     = @@character_set_client */;
/*!50503 SET character_set_client = utf8mb4 */;
CREATE TABLE `nivel` (
  `id_Nivel` int NOT NULL,
  `nivel` varchar(50) DEFAULT NULL,
  PRIMARY KEY (`id_Nivel`)
) ENGINE=InnoDB DEFAULT CHARSET=utf8mb4 COLLATE=utf8mb4_0900_ai_ci;
/*!40101 SET character_set_client = @saved_cs_client */;

--
-- Dumping data for table `nivel`
--

LOCK TABLES `nivel` WRITE;
/*!40000 ALTER TABLE `nivel` DISABLE KEYS */;
INSERT INTO `nivel` VALUES (0,'Intro'),(1,'Nivel1'),(2,'Nivel2'),(3,'Nivel3'),(4,'Nivel4'),(5,'Nivel5'),(6,'Nivel6');
/*!40000 ALTER TABLE `nivel` ENABLE KEYS */;
UNLOCK TABLES;

--
-- Table structure for table `periodo`
--

DROP TABLE IF EXISTS `periodo`;
/*!40101 SET @saved_cs_client     = @@character_set_client */;
/*!50503 SET character_set_client = utf8mb4 */;
CREATE TABLE `periodo` (
  `id_Periodo` int NOT NULL,
  `descripcion` varchar(50) DEFAULT NULL,
  `año` int DEFAULT NULL,
  PRIMARY KEY (`id_Periodo`)
) ENGINE=InnoDB DEFAULT CHARSET=utf8mb4 COLLATE=utf8mb4_0900_ai_ci;
/*!40101 SET character_set_client = @saved_cs_client */;

--
-- Dumping data for table `periodo`
--

LOCK TABLES `periodo` WRITE;
/*!40000 ALTER TABLE `periodo` DISABLE KEYS */;
INSERT INTO `periodo` VALUES (1,'2025-1',2025),(2,'2025-2',2025);
/*!40000 ALTER TABLE `periodo` ENABLE KEYS */;
UNLOCK TABLES;

--
-- Table structure for table `preparacion`
--

DROP TABLE IF EXISTS `preparacion`;
/*!40101 SET @saved_cs_client     = @@character_set_client */;
/*!50503 SET character_set_client = utf8mb4 */;
CREATE TABLE `preparacion` (
  `id_prep` int NOT NULL AUTO_INCREMENT,
  `id_Profesor` int NOT NULL,
  `nivel_Estudio` varchar(50) DEFAULT NULL,
  `id_Estudio` int DEFAULT NULL,
  PRIMARY KEY (`id_prep`),
  KEY `id_Profesor` (`id_Profesor`),
  KEY `id_Estudio` (`id_Estudio`),
  CONSTRAINT `preparacion_ibfk_1` FOREIGN KEY (`id_Profesor`) REFERENCES `profesor` (`id_Profesor`),
  CONSTRAINT `preparacion_ibfk_2` FOREIGN KEY (`id_Estudio`) REFERENCES `catalogoestudios` (`id_Estudio`)
) ENGINE=InnoDB DEFAULT CHARSET=utf8mb4 COLLATE=utf8mb4_0900_ai_ci;
/*!40101 SET character_set_client = @saved_cs_client */;

--
-- Dumping data for table `preparacion`
--

LOCK TABLES `preparacion` WRITE;
/*!40000 ALTER TABLE `preparacion` DISABLE KEYS */;
/*!40000 ALTER TABLE `preparacion` ENABLE KEYS */;
UNLOCK TABLES;

--
-- Table structure for table `profesor`
--

DROP TABLE IF EXISTS `profesor`;
/*!40101 SET @saved_cs_client     = @@character_set_client */;
/*!50503 SET character_set_client = utf8mb4 */;
CREATE TABLE `profesor` (
  `id_Profesor` int NOT NULL AUTO_INCREMENT,
  `id_empleado` int NOT NULL,
  `ubicacion` varchar(50) DEFAULT NULL,
  `estado` enum('activo','inactivo') DEFAULT NULL,
  `nivelEstudio` varchar(50) DEFAULT NULL,
  PRIMARY KEY (`id_Profesor`),
  KEY `id_empleado` (`id_empleado`),
  CONSTRAINT `profesor_ibfk_1` FOREIGN KEY (`id_empleado`) REFERENCES `empleado` (`id_empleado`)
) ENGINE=InnoDB AUTO_INCREMENT=21 DEFAULT CHARSET=utf8mb4 COLLATE=utf8mb4_0900_ai_ci;
/*!40101 SET character_set_client = @saved_cs_client */;

--
-- Dumping data for table `profesor`
--

LOCK TABLES `profesor` WRITE;
/*!40000 ALTER TABLE `profesor` DISABLE KEYS */;
INSERT INTO `profesor` VALUES (1,1,'Nodo','activo','Maestría'),(2,2,'Tecnologico','activo','Licenciatura'),(3,3,'Nodo','activo','Doctorado'),(4,4,'Tecnologico','activo','Maestría'),(5,5,'Nodo','activo','Doctorado'),(6,6,'Tecnologico','activo','Licenciatura'),(7,7,'Nodo','inactivo','Maestría'),(8,8,'Tecnologico','activo','Doctorado'),(9,9,'Nodo','activo','Licenciatura'),(10,10,'Tecnologico','activo','Licenciatura'),(11,11,'Nodo','activo','Licenciatura'),(12,12,'Tecnologico','activo','Doctorado'),(13,13,'Nodo','activo','Licenciatura'),(14,14,'Tecnologico','activo','Doctorado'),(15,15,'Nodo','activo','Doctorado'),(16,16,'Tecnologico','activo','Doctorado'),(17,17,'Nodo','activo','Doctorado'),(18,18,'Tecnologico','activo','Licenciatura'),(19,19,'Nodo','activo','Licenciatura'),(20,20,'Tecnologico','activo','Doctorado');
/*!40000 ALTER TABLE `profesor` ENABLE KEYS */;
UNLOCK TABLES;

--
-- Table structure for table `usuarios`
--

DROP TABLE IF EXISTS `usuarios`;
/*!40101 SET @saved_cs_client     = @@character_set_client */;
/*!50503 SET character_set_client = utf8mb4 */;
CREATE TABLE `usuarios` (
  `id_usuario` int NOT NULL AUTO_INCREMENT,
  `usuario` varchar(50) DEFAULT NULL,
  `contraseña` varchar(255) DEFAULT NULL,
  `rol` enum('ADMINISTRADOR','ESTUDIANTE','PROFESOR','COORDINADOR','DIRECTIVO') DEFAULT NULL,
  `id_relacion` int NOT NULL,
  PRIMARY KEY (`id_usuario`),
  UNIQUE KEY `usuario` (`usuario`)
) ENGINE=InnoDB AUTO_INCREMENT=427 DEFAULT CHARSET=utf8mb4 COLLATE=utf8mb4_0900_ai_ci;
/*!40101 SET character_set_client = @saved_cs_client */;

--
-- Dumping data for table `usuarios`
--

LOCK TABLES `usuarios` WRITE;
/*!40000 ALTER TABLE `usuarios` DISABLE KEYS */;
INSERT INTO `usuarios` VALUES (101,'1000','$2b$10$HdtIKi22y6ubk1./qyyF2OhPxClJW2P0KTwJjr48minIIblyceZVK','ESTUDIANTE',1000),(102,'1001','$2b$10$CXzLnqQhYMOUc4xbG3L/Pe7nmWtSX6OJ4q9ZqV2//j8Zvi.PcEr/m','ESTUDIANTE',1001),(103,'1002','$2b$10$J76i0P8Sh1h8s7pNFM1MpOGNzAn7ZIZ1a1OQbvpM8.71IiWrDwuy.','ESTUDIANTE',1002),(104,'1003','$2b$10$JwgcdaFAAa64R2ZPKq40i.NWq35ifNuJ8E507nOc4FgOQeKCeVicK','ESTUDIANTE',1003),(105,'1004','$2b$10$CFU4Lw5JhkEsUOUcP1ccieJIK5HdBrnvUOVI/9J3E3.tM8mmsAC8K','ESTUDIANTE',1004),(106,'1005','$2b$10$BZOtaW/gvaPKcM7VValPI.a9VfdyhrG5mEo8GA0YkTlkKwWkCo0JG','ESTUDIANTE',1005),(107,'1006','$2b$10$zj9yyValFsNY2wxMzDRd4ONRudlemNuIqr7Xv108lAPny93zA8YTG','ESTUDIANTE',1006),(108,'1007','$2b$10$E4QQSOzWZFxl7Q9iyMMeBedu/.p8nFmUSqTYS1EHxjRkPurIfC4jS','ESTUDIANTE',1007),(109,'1008','$2b$10$Ky8NcL3WcJd71t5fOv8WB.jTfP4ILtLdR6enOnJHHezuPVVRBaqiS','ESTUDIANTE',1008),(110,'1009','$2b$10$6yTppn3/nIIhqSOzHV/01Oqf4.meTo0CLoTRInT61g.Nvz1YLK7FO','ESTUDIANTE',1009),(111,'1010','$2b$10$rzxdvLtNHs1i48zzm4fHceBujlgX3YZd.apvlGw5/U2R844yeh22i','ESTUDIANTE',1010),(112,'1011','$2b$10$hkqGSw1kaL5I87rnJVvQZeFsW1dAX9VS8adUBzj2dT5XJuLcwsDAO','ESTUDIANTE',1011),(113,'1012','$2b$10$J13ya.jEyEdc2tpVO6xWke1dWnpGmIA7fBf5GwjFl24HWsp0evzEK','ESTUDIANTE',1012),(114,'1013','$2b$10$GohMx8XiPjQKxTmBS.TsiOLrVgku1DjTqBCzLmgZfItVqa0Gju9BO','ESTUDIANTE',1013),(115,'1014','$2b$10$BsKkzQ0AjAxlIYKEx2ZTSu21Vp0DfHENX3nm2lLvizqaY.mkeifVC','ESTUDIANTE',1014),(116,'1015','$2b$10$ia9QRNB9SrG4TtByToCZIenSF9sLKIqM/RLajzEFA9eQeEP1ZWtMa','ESTUDIANTE',1015),(117,'1016','$2b$10$rBtjWNJTpBFP.W/dRH5plOCRXWSARGxo9qZuziu946QB08UMXeXd6','ESTUDIANTE',1016),(118,'1017','$2b$10$B6uot6eHR9bpd99CJPiR8uIjxOFYYzRvTCAvWmp5ftRYJ8fC65sFG','ESTUDIANTE',1017),(119,'1018','$2b$10$K8f6ShI0bd4X23U61nN9QOmRdWol7T2oVv4UC0VsPmXdkXBG.wDFO','ESTUDIANTE',1018),(120,'1019','$2b$10$F54BHkFVNlagFnt8lw6n1O3TYx.0QCjL9leM/3CxXjJb4kCsYnLiW','ESTUDIANTE',1019),(121,'1020','$2b$10$baoSiW4GhALy6VuQHuNaJeEB0BmMePIV83HaRyHP4KsiadfU9tZEi','ESTUDIANTE',1020),(122,'1021','$2b$10$KHGOqy1uYK6UPK6xiyzB..btqqfNrLfWKglJZrjWE5haZn33XFsFe','ESTUDIANTE',1021),(123,'1022','$2b$10$1YVTHDxwJXViM565YblB5eMga4s.7Bww.3dlNymsFDF4zzSRrKOri','ESTUDIANTE',1022),(124,'1023','$2b$10$QIn/MChE2isM1girTINreu0WVN5kjYNoriTDqtk8SBhcWNUi3Dht2','ESTUDIANTE',1023),(125,'1024','$2b$10$240d64CEkb50HlwUa8iKFOQzbtMe2qcq8pE60YTEYdtsLNTdCjEc2','ESTUDIANTE',1024),(126,'1025','$2b$10$ov1ikrzopuh7gy3yvFqymezCKx72EdCCRSKROdmIjBqWddiKLZL8K','ESTUDIANTE',1025),(127,'1026','$2b$10$FDaei9AwuW67Z4amLcikqOqWo7zTL5UL8RyYJaOGl/BlLYuRW8Bay','ESTUDIANTE',1026),(128,'1027','$2b$10$LAdsPWroyGzOcdjUia7oA.eaCCBz2.fUChS1TK3QtndNxR/e04vrK','ESTUDIANTE',1027),(129,'1028','$2b$10$7JAy7COxV.QrmsKXrxH2Y.XV2qQZJcrZExWCBMe2ttchzLVzjpKRm','ESTUDIANTE',1028),(130,'1029','$2b$10$3a.xlcdjFoe0g.Cnd29mSOD3yw7u.Y2v6ftEsKp1r1RTZ9/rHML5K','ESTUDIANTE',1029),(131,'1030','$2b$10$86aTNDcbCIUUiX4nw5zzC.5VE/xwB2rdX/wYPjxIz9rZDkURbugQG','ESTUDIANTE',1030),(132,'1031','$2b$10$/82Fi2bIVCLmzeNOgj/y7ek9MfI4ffWq5IhfMI9VLHg6Y1sX1U3km','ESTUDIANTE',1031),(133,'1032','$2b$10$yPR.4Qv0V/nm6HAzEeI6w.9quKTn.fPAhK1ci6/CPBuVz/AWbv6au','ESTUDIANTE',1032),(134,'1033','$2b$10$wIHhr6tj0QdDcMaMMXSAq.dgthVeTQgG/NF4w02Ik9BaeiWwk9RUO','ESTUDIANTE',1033),(135,'1034','$2b$10$hfKIxrxDAcCyPkQxr6nL.uC4xrDmuhFwIpSUBLv12VMZhB.6cK.1W','ESTUDIANTE',1034),(136,'1035','$2b$10$L6JHUhtuDUQ0fSVA.aSB6.GoK/miLtbRDNjQ1Mwlfl5QcE0RLLJfW','ESTUDIANTE',1035),(137,'1036','$2b$10$Z3kibI06MjhMJXXcz4dK6u4Ya79DdxprX31SJNr0JPCfQBmPr//eW','ESTUDIANTE',1036),(138,'1037','$2b$10$j0LgYFkUPue.2ROhAvVCuuZ7AXm8DIXaAJuL7Cw06EKOt6tRFt476','ESTUDIANTE',1037),(139,'1038','$2b$10$BDaa932tTKAmmvYkJHOVSOgxDIylL6ixvr9Hoa9oBk4mWo/3nyYsu','ESTUDIANTE',1038),(140,'1039','$2b$10$o/NqZXq3Fo/4NW7hLYp.6.expHNnDzhB.JEKpA.nX9rN16mL..6.O','ESTUDIANTE',1039),(141,'1040','$2b$10$eb00rOmXnBpA8fYW1SMgOO7m9Q.H5gKXVkshHykh/hprNqcEanfkm','ESTUDIANTE',1040),(142,'1041','$2b$10$nxYr0oeSlAENc4pVfzbqZOLx1m0la356ehvs8NBI2D3ekxJ0M6.qi','ESTUDIANTE',1041),(143,'1042','$2b$10$a/0Pyw/DTw/VISR/R8F4bOlhDbq.K5YUod1oKkw3HU2xe7MGj.l2a','ESTUDIANTE',1042),(144,'1043','$2b$10$finI/4N5Hty8nwixzI0IzeINZVuJaPa95wSQCLY1lA.7fwMWJw5Gy','ESTUDIANTE',1043),(145,'1044','$2b$10$.cCK/3PNheed8mAo1aUjo.XsdZ.anQTyD83Tz7Hzo0ys95q.Bw26m','ESTUDIANTE',1044),(146,'1045','$2b$10$8m08wcDOcOyTWHgZp.BzxenMUA6ABJqL.D1Vm.WZv8zbLOnUqUv.S','ESTUDIANTE',1045),(147,'1046','$2b$10$EgK7N15Qm.KVla6E5wmjZeeJ5R5T2IPxTxRVRcoIIVXVoyv0YqUn.','ESTUDIANTE',1046),(148,'1047','$2b$10$AwqKYKc/676grq4gIiS/Je2rVrij9abGO8RRyEDlJSagLMMrTx4Ay','ESTUDIANTE',1047),(149,'1048','$2b$10$4i7Pduae07PkQ5CWuJPOZ.6REO3E0kztUNVYyjOsXPZtfF6Jw7R/C','ESTUDIANTE',1048),(150,'1049','$2b$10$peJhnr43EBIKZS6NcCBFh.DC4nbpckTD5pUDxVJjlh2xuNuVh8J.q','ESTUDIANTE',1049),(151,'1050','$2b$10$O533w7VRyqawo5WNUy/dEO6SwixU7tw1oYWfIQzBICfn5m7omKaXK','ESTUDIANTE',1050),(152,'1051','$2b$10$13fkMl/Sf0Sw3VJDFR80AOFTRqtl1PTw11UoHDuph131HTO65Rhh2','ESTUDIANTE',1051),(153,'1052','$2b$10$XKpYfN9piLjj1bFTyCTPleKLdBhtUsGv1yqVyY6S1pYW/JaIoSDse','ESTUDIANTE',1052),(154,'1053','$2b$10$eiP7XsIitKU0rec5fR57Q.hf2TWSKz.YcWrjBmAhf8gv7uNJTXjAW','ESTUDIANTE',1053),(155,'1054','$2b$10$U5Ms3fywV9TduYZe8cZhIe9bBG6yObEoPCISedNY/HWKvezKaQMBu','ESTUDIANTE',1054),(156,'1055','$2b$10$BEWh3vaqW/F2BmdSLwuh6e9dn/cTmJnVtYewnOH7QJkIr4CkweW9a','ESTUDIANTE',1055),(157,'1056','$2b$10$4GkcKlvM0tpwusTysM.LAucqdc1Y0y7Pis1lpPh.B6zRc0LJ59RC.','ESTUDIANTE',1056),(158,'1057','$2b$10$xWraqurYCdHYUjbXiC4XkulAI85oYkNfkaUzDi2gprtu8EdTcUVSy','ESTUDIANTE',1057),(159,'1058','$2b$10$bsVWGlDL8dz08gPZiWdbrO5tf.V5oM.J.4RR3F3AujZbVBmRwJEQC','ESTUDIANTE',1058),(160,'1059','$2b$10$zrdm1UieLeM5PDC2ZQ1BaOd/sjMuoYF/GJa34hH8YNkKHJfHMU5/y','ESTUDIANTE',1059),(161,'1060','$2b$10$zAxC1bZqq460CvZHPaQO8eT9.GQqIZYs0zc8swTGz.GwflTcBTP9G','ESTUDIANTE',1060),(162,'1061','$2b$10$V28OIjinJVnauJvM8Za4oemS2VXfYgHkVs2XKfJhPr019wjN2yF/y','ESTUDIANTE',1061),(163,'1062','$2b$10$eRonCzbKA9/sJDDTJ4hkvOsm.UWAuxn8tbfzo6OCPzLvosTar42ji','ESTUDIANTE',1062),(164,'1063','$2b$10$BFaA6Cy4ERa6NjAE11O/MemANiIQE9QDBXClihASQBqmkaFN8dfj6','ESTUDIANTE',1063),(165,'1064','$2b$10$Mgvc5XYYZksvIGZkNN4bv.HZQujyW2w6oe03TbVJNYh0JMBDACStm','ESTUDIANTE',1064),(166,'1065','$2b$10$0brim3tj9eXKTgS1utLrde04Rd13QtCtPJbP3hNWT7tQiNxB8nZT2','ESTUDIANTE',1065),(167,'1066','$2b$10$2q0NFXTECuJ5/GRjWJjqeedXbYyEbaAbXrQ9OLeQTQITMvsyK1sHK','ESTUDIANTE',1066),(168,'1067','$2b$10$tF2kCg14IUkZto5iW11s1OlHPFHm/Fo4TrC43FmskVgQJ6Sb981oi','ESTUDIANTE',1067),(169,'1068','$2b$10$b/CxtlUi0veqtlifnbveDuGAjrL7dmt8bbN4kiB/SM.6CIXt1ucbC','ESTUDIANTE',1068),(170,'1069','$2b$10$bGA7ltsiglCYJwa/bKp9YOGdfFlNvsywtCy0L2cYDn8wwHlUb5dTe','ESTUDIANTE',1069),(171,'1070','$2b$10$JGPuPi8tl5yGi0YJXfsDFe91Xsy8gY73nEKDDCybeMfcX5dBNC9k2','ESTUDIANTE',1070),(172,'1071','$2b$10$fuA/3lE1FFiK0w/KG155OO2F2gNW4P2vYq5B33Sc/XkT9qMv5UOn.','ESTUDIANTE',1071),(173,'1072','$2b$10$Og0GGKiXnVoLEKU99LKiKekVv.Ha7Vfwply9JdhHhxrGerpvG0Z6i','ESTUDIANTE',1072),(174,'1073','$2b$10$TqGdCkRIvUFe31.L70Ix8u7pCdncM5Y6ibmafSMrkuvwhc/Z5g92C','ESTUDIANTE',1073),(175,'1074','$2b$10$9pqEwcdcpFf4yDjynHoUFe0Gzw3oLMvD/kIBUVryc4M6lVmUoRQfK','ESTUDIANTE',1074),(176,'1075','$2b$10$DMekEmyv9EEyxRnBrw/8HuxgTTbtnbtBgDjfOBmUnpgf6yjDyFdyi','ESTUDIANTE',1075),(177,'1076','$2b$10$vZjK7jtq/DRIr6DCakgY4.ca4H6z6EfvaKMPuc7Oxno823r3fDI3y','ESTUDIANTE',1076),(178,'1077','$2b$10$fB4InN.rcQM9qNjtmNDsvu3vmfS7Fnwj2me5EOZRBoX1ZtyWCS9oq','ESTUDIANTE',1077),(179,'1078','$2b$10$h85O6kZ2s2qyt0x882t8reUicHCVcyWPsxkAk6G2p/muciMcVizLe','ESTUDIANTE',1078),(180,'1079','$2b$10$6j.qzyD6UjMF8hgUUmkvOOTgOfyeZQaloje/UsiFWicSKETXConLe','ESTUDIANTE',1079),(181,'1080','$2b$10$Vrg7iv8JygIb2ZGu4yeP1.TTLxVWxyW1oG5OJdchT.0VQrIWOoy86','ESTUDIANTE',1080),(182,'1081','$2b$10$wyBy./UF5BNS4irK9g..IOQ9luqzXCLwaPda0LD7uECj42iFjtUEG','ESTUDIANTE',1081),(183,'1082','$2b$10$5dtKDVWzamZWG0KLxEiop.BLZqh5HrHH6H.2BAQW4D1LDZCeZxXR2','ESTUDIANTE',1082),(184,'1083','$2b$10$OJiqLFsHQDDsc/w.nF9KtuqLXDNaGn14BA434UWlDZghXGCkzFR2.','ESTUDIANTE',1083),(185,'1084','$2b$10$pE.YuJdxk/Kn5MelLbxYceNYedQuzFpYd3Ze2ECkokdlSSPl08Qn2','ESTUDIANTE',1084),(186,'1085','$2b$10$18pm5Gshxj8Si./JP.FAy.ozTW8QSDdBiTU50D8Vtqd89/j3pDeW.','ESTUDIANTE',1085),(187,'1086','$2b$10$7ty.5gbbbvXDVXsYEdOxfOw9UzYCdW0tENjA7BNQdRtb8pZgxbY7S','ESTUDIANTE',1086),(188,'1087','$2b$10$X6dTKiW6MEMvJeT/L6o31uSJRaw6DvfNiBP.jrgpmyXfvUt0DhQeC','ESTUDIANTE',1087),(189,'1088','$2b$10$2QcnNm0CeG4E56geHJTEJuHwbqtiUlb.seDIVcJJdSE.bluWuXXxK','ESTUDIANTE',1088),(190,'1089','$2b$10$6fDNDdjD0/OSRzO30ofkmu4kdiPKgxIKeKVSOK7X5XiiXHRlkHTKK','ESTUDIANTE',1089),(191,'1090','$2b$10$ivBV/zKaWGdMgqA9Yqqo/.77sA96.2HsPE4m0y5WRb.HRLh.72xlS','ESTUDIANTE',1090),(192,'1091','$2b$10$zFno8qx7i3Sqn2WLftTEhOG5x1.B/ZzIl39DP9ey.nsaiXfWTTeQC','ESTUDIANTE',1091),(193,'1092','$2b$10$atSB7qErkf9XRu/XQvnVoOFh2DE5HO263b.EWvA1bjDTOlw5Lgqby','ESTUDIANTE',1092),(194,'1093','$2b$10$KCwP60Y/IgcE7c64bc1xNuwF96j6nhK5x2RhzLL/LOsPFdtSM1/jO','ESTUDIANTE',1093),(195,'1094','$2b$10$yAN6jpK.B4SfcREz0Rx5wOTQNmItjw.QFMnkxT37.8Y6FWj3fVIDe','ESTUDIANTE',1094),(196,'1095','$2b$10$Und4AhsKpPFlTfoF7fh7Qu8aCMErDCWTPmefxB2d0QL4kEY4QXp.O','ESTUDIANTE',1095),(197,'1096','$2b$10$FCfA6sTt5T0c/G5uAGS32uRbOngDt0L8lp1u6XyweJWmuts04EI4O','ESTUDIANTE',1096),(198,'1097','$2b$10$wVY/xVKS8h8S.Nynit3A5u5/BL29FaBFZ0J7DrCTkZm1mBQm0PwFq','ESTUDIANTE',1097),(199,'1098','$2b$10$DSZhuNtKD.c0SRNxZnZd7unGKsScAqEIn4I6YFxEyGWxhSNjC.AUS','ESTUDIANTE',1098),(200,'1099','$2b$10$Xrc1EixrvBtuu3qIpD..h.e6HUMc7jAG19sRR6dt9qYx89ETodSea','ESTUDIANTE',1099),(201,'2024001','$2b$10$kfbM0iBLl0T7Jh5LcmZrtOEbqK9PuHnF4/DozfF50fVpQiwkYZr4a','ESTUDIANTE',2024001),(202,'2024002','$2b$10$Ifyc3refhsbpPyEY5M4nnO5Bf/AqZlVCbNuFCWIcLdJ9uQX8z0W5e','ESTUDIANTE',2024002),(203,'2024003','$2b$10$WWEObGSNLrxFG0i8hqNfLOIzaE8nunLoSB2.R6NHORw/K6OzFz8WO','ESTUDIANTE',2024003),(204,'2024004','$2b$10$nvQaGufi2WbbdbID2CZgVeHgClHIOUWWHUjoy34OwwEmpiSt.Qlxu','ESTUDIANTE',2024004),(205,'2024005','$2b$10$VjRNZECbi9yzFYXV6V.Hz.spuJqceRJcNlY.5Mvti/N40YIwJM9QW','ESTUDIANTE',2024005),(206,'2024006','$2b$10$lhsEBEm4NH.exsBKlCUZK.Vu/PjKeDGAYUvUIuvaYQsVQX216G3fi','ESTUDIANTE',2024006),(207,'2024007','$2b$10$sTd39oUP8qHXGnKdoyZgVeDnEnMEqn9/WRWnmVFiDx8tOUd8sxswu','ESTUDIANTE',2024007),(208,'2024008','$2b$10$xZNAH6IfwIlqyjnkdeV7T.Mj0YCXaMV6L9tMQpZ0Dbi0oUpmnwxQ6','ESTUDIANTE',2024008),(209,'2024009','$2b$10$qjIXcDI83jKQCk/H0W2WDe5LMe402Xo4nBYEjbuPi1CD3GRy2o4ji','ESTUDIANTE',2024009),(210,'2024010','$2b$10$tmud5hMyu4nYZ/FJReohO..X7ZkBnbB8OkaV5H8sZsqkYPj3QIlY6','ESTUDIANTE',2024010),(211,'2024011','$2b$10$7fNPPCNiLtZ.hPId.xTjdelOZ/b392A5an2sObYHnGtBS1KLzbaaG','ESTUDIANTE',2024011),(212,'2024012','$2b$10$k.fzlLiCIOpzL5dISE88yuXpi.1DKqw/xMuxdyGhZ.ahsrGGC/fqO','ESTUDIANTE',2024012),(213,'2024013','$2b$10$dWBNID0EcopPfgpyqrQ8EOt9smDCNbEQsjXaZ4CdpgWuDliVgqv0e','ESTUDIANTE',2024013),(214,'2024014','$2b$10$prJDEbrY.KyKE0ku4vUy/eWnDaEeghktZscqdgo8CsqetQhEGW3oK','ESTUDIANTE',2024014),(215,'2024015','$2b$10$hFXj4Q4V7NpHYfobyc17JOgRaWIc9IM.DYKsfJr8ctNhAuvdKWtXy','ESTUDIANTE',2024015),(216,'2024016','$2b$10$x3FIMzawHKzL//G9LlUtjOo9Hi1k2cQAVdfBjktL/26zYApSpoxw.','ESTUDIANTE',2024016),(217,'2024017','$2b$10$wEzFM./Y53Apk.k3ht8oJ.yinGdqi3H8yip8UB.ixfOTUxIjRtsOS','ESTUDIANTE',2024017),(218,'2024018','$2b$10$0EwmIHytDq7HOaZMithmjezO/LXErZfC4Yg9LJJiQbe/qo8EUalCC','ESTUDIANTE',2024018),(219,'2024019','$2b$10$6Gi9GliOdc3bq1ybpYa8SuTofIR4bd7F5Y2CV7.cWsuHzQZvwqI0m','ESTUDIANTE',2024019),(220,'2024020','$2b$10$./U/eIvok02gnxLWdoNcdui8u4UMfcDbadVs1BfgDoz3AqlvNKwZK','ESTUDIANTE',2024020),(221,'2024021','$2b$10$LlM.HBn7PJXOR/mhhxANje/.j80X9Y1d4mwqaGp5ph8bteqBB3TVq','ESTUDIANTE',2024021),(222,'2024022','$2b$10$fMaUtM91qZJJT1bkn81NWOsUlUw8CA6oxeb53T2Ehkbt9z66PiDqW','ESTUDIANTE',2024022),(223,'2024023','$2b$10$1IghQoYOGhqXojma5DKTyepV6Mvuo8pUbaHbVFZbCadwVitnh93/K','ESTUDIANTE',2024023),(224,'2024024','$2b$10$4TutZ/6AUeknLgffsl6yO.7qszyFHnaig8tKlTbdZ9UddAl5OoXoW','ESTUDIANTE',2024024),(225,'2024025','$2b$10$gLskLnppEpG67WeeZ6/pquXVt6A2f./LQRh3m3rfxKVbHVnrcc0Hu','ESTUDIANTE',2024025),(226,'2024026','$2b$10$QgoogeXICrImgjWGC3X76ecsSgWE7bLnAQgxxRtOGa0oML9CRHSXu','ESTUDIANTE',2024026),(227,'2024027','$2b$10$ZnWUmE.A3V0eI.1C00Vg/O00lZuI3A0F/cuPyiUw6AHsJWzUCzcoC','ESTUDIANTE',2024027),(228,'2024028','$2b$10$y5zMs0PNtiplgMwGJxn5m.u8ZPo3PdZeINs2YHjKVmtnWNAB2mKB.','ESTUDIANTE',2024028),(229,'2024029','$2b$10$JCBWoiQJLIVCTua8eDNhnOUhjBZexYwO8xGaRBGkpVmgty41hn5Qq','ESTUDIANTE',2024029),(230,'2024030','$2b$10$QCSLulPONsbK8MXBzMAh5eHphs7RJXGPDPxV54LNX.yQ414AGLDX.','ESTUDIANTE',2024030),(231,'2024031','$2b$10$JPdkH0TogkdLMN9y2IP1A.apH78k1g9W6qNmPHx.q5Oi9nDYscDPK','ESTUDIANTE',2024031),(232,'2024032','$2b$10$CLmLnkWZiMFFkwE/ogoifuuJFQkOsw7t2AdIIZjQpat6cbS49g2YC','ESTUDIANTE',2024032),(233,'2024033','$2b$10$YQgSCWR2.E6Ufsi3KGjXHOVb/PH3cqY9WCXDa78Q3FCUck96XVBlS','ESTUDIANTE',2024033),(234,'2024034','$2b$10$dXFU8a0uEeUjDTdcrTx/CeLD7RclADf/2tOEbI8mMZAxeDlx.oLGe','ESTUDIANTE',2024034),(235,'2024035','$2b$10$ZMQViosKPwVek.gpoqGeheGN1EDL0JbSSn3NUvz9xqCGOh0SOLS1G','ESTUDIANTE',2024035),(236,'2024036','$2b$10$o.N2c/L.UTDI.whC3UWDoOIT4NbYS2IDnv/t3Mz./0Mb8LN3Ro6r6','ESTUDIANTE',2024036),(237,'2024037','$2b$10$zotlkDWBIh01WUWb01L26edCp7qp5ocx6.lqIZfHgGFlQ8MayA4pW','ESTUDIANTE',2024037),(238,'2024038','$2b$10$d/90L4GlQnmyco45lbuXMOZuz/.mXscQ5WLe0uI1VSNloYTtUxZLq','ESTUDIANTE',2024038),(239,'2024039','$2b$10$9U4PPrF6Je9qpo5FbXrCQOUAef.WNK3TkyAQZ86/YU.uE7x3E7Nfi','ESTUDIANTE',2024039),(240,'2024040','$2b$10$WpBQ4cBJMeV5FwZJpCiKM.5if2OhicCwoPw/XpD4RbXyqO5WsqKC2','ESTUDIANTE',2024040),(241,'2024041','$2b$10$GwNHwI9EgX9GWoAuiC1HfO2DH0/quRUC..B6vOc6yBmnHzyMk.4Ka','ESTUDIANTE',2024041),(242,'2024042','$2b$10$GdykOLd75FpMCwqZeksl8e5XyU1gzOR9h9D8WbfHP5M48lpS4cG/W','ESTUDIANTE',2024042),(243,'2024043','$2b$10$.HZKJ2VbdZb/g45cuoek4O3Q5o1ZN2dyIol58vAe8nJWO4wHNfyme','ESTUDIANTE',2024043),(244,'2024044','$2b$10$NCc/PFE9nj.PtJlYmcMb2OM2t8LgCFGBt5fseyaR2JDnf2OH57f0y','ESTUDIANTE',2024044),(245,'2024045','$2b$10$ilpuS6/BrkljfeMqvuHq7exdplteXDudUUEgyPgg6F5A9ao3R0N9i','ESTUDIANTE',2024045),(246,'2024046','$2b$10$6O.UodMwpI1Hp8Zw/AlMnOOPU4P91zqqo2Z7x/ZPMSACNvJUNdmqi','ESTUDIANTE',2024046),(247,'2024047','$2b$10$B2.yjUW0PF7ZLJHPcwRglOEyNjprjFT0ae.h6LVBRMhAyyFScBAdW','ESTUDIANTE',2024047),(248,'2024048','$2b$10$XqD5zSkTSrNS/MZfj5dzyuSRVe.doWnTB/4KgVqdw4lg17d52sOZu','ESTUDIANTE',2024048),(249,'2024049','$2b$10$EyhTAhm/B678GVxKJdSW7OA05.uLAfq4cd2kjFBhrmQCfRtO7AVt.','ESTUDIANTE',2024049),(250,'2024050','$2b$10$EP4/L5bqnWTrJMeZT.yRyOq7gBazSo/RCbOAfCtc4dc6/.aBSVelq','ESTUDIANTE',2024050),(251,'2024051','$2b$10$x3BnkiwprRJy9YcNA4OuWOQNPkfj345AkDySCnB1S6t/mhy.7B2yC','ESTUDIANTE',2024051),(252,'2024052','$2b$10$7cDWkPSR2RJ1W4JBscu39el9XkAZYPw7FTIP9TnyDfg0LFsZXhadG','ESTUDIANTE',2024052),(253,'2024053','$2b$10$GH3K./qGqm1q3bwiFrI8CO/89scENw3hRpr5XoiOhFYrHgtfDrv7u','ESTUDIANTE',2024053),(254,'2024054','$2b$10$rjHsteXUctoShngwBiUEXeWAwwHl4tuuqwFgqY90LTzO6PsU4U4yK','ESTUDIANTE',2024054),(255,'2024055','$2b$10$HljomjiF8.xq3Ct3uite2OnM.zbr/fqDZzLTPRBOL9vL4NudxStZm','ESTUDIANTE',2024055),(256,'2024056','$2b$10$TmPoPYrIA9adjcbIoEIPiOx9qiVNzwYE6DcnSE5jJZeddnsDjl5AO','ESTUDIANTE',2024056),(257,'2024057','$2b$10$KIa6Tw0.CORWW4MB7Q7w7ekGzwqERRxL3.qbUQ.ORFQi22d/h398a','ESTUDIANTE',2024057),(258,'2024058','$2b$10$DRzT.wc5LOfpaS49nq6cG.MEGe9wJJiPj4hYo1Wrpz4QNZpIbH086','ESTUDIANTE',2024058),(259,'2024059','$2b$10$1tDnjrbrlur4r3.gjM391OhLKEESbzXYNvRPGwp.trmmDU2cMgs9W','ESTUDIANTE',2024059),(260,'2024060','$2b$10$anl5AGhs.tOepwISqE6HqO.TCfR2dbsE230X52TEaU7soFxBNXxHe','ESTUDIANTE',2024060),(261,'2024061','$2b$10$SP2vjzbS.pteGnv/UtHwKucmOMp0QBme3gIs.9DKpvY3SAt9K7CZy','ESTUDIANTE',2024061),(262,'2024062','$2b$10$UKjcK4qWckweUNehiwF82./ufD8Dvhd4AmYWEAOcuNYz81H1YvDQC','ESTUDIANTE',2024062),(263,'2024063','$2b$10$.r3nGblauA7BkLiXHgy1qOOSkZYsrxD8czyn3.r3nRzWFm/cbJ/lS','ESTUDIANTE',2024063),(264,'2024064','$2b$10$HLKDZV1eIp.8meOGE9WGaOfS.H6j7cSy9rHmZYrz0t1wG3RAo6.O2','ESTUDIANTE',2024064),(265,'2024065','$2b$10$MIkvZhHKzB4uN5PZ8aDnbu.y1u0BDnL/qvc7wRpVBD90n93.zm6SK','ESTUDIANTE',2024065),(266,'2024066','$2b$10$H3frgLMzrqtMTOVurRbrE.xxSGjY9aI5jWRzCe48ITB7JL4IBjuji','ESTUDIANTE',2024066),(267,'2024067','$2b$10$nYa6vpEzXbozi5buX6Oev.dDBJa/dYDmGiF/A0EsrKGo/y9xf0fDi','ESTUDIANTE',2024067),(268,'2024068','$2b$10$3yQJkp0vltuJLA6rrOJqi.yxCWcRxGuYDw9uA/I4k67aAQzQhq6Pu','ESTUDIANTE',2024068),(269,'2024069','$2b$10$.MYQAyiYO9.ae7kartpRWuWq56swH5.juS35m6H6b6qmvgVp80H5S','ESTUDIANTE',2024069),(270,'2024070','$2b$10$06OPpG20keznQdtjm3fYaeEr1Uv8VzvOwQLRSpvsZZqNFnw6eJ2L6','ESTUDIANTE',2024070),(271,'2024071','$2b$10$Jr1v3AKn/chGldVez6otLejgKC6gShl3Tkb5zgjwKwSpQOK0cUWr.','ESTUDIANTE',2024071),(272,'2024072','$2b$10$vNhxLEz4FtRu2lrncqrvrecqjfRYqd3nE1OvE2Tn5nHrYilT9s4J2','ESTUDIANTE',2024072),(273,'2024073','$2b$10$7hYwudbqCdqbLfS5PQ0no.s36Qjnqq1bYDmHPQzL3b363vfKRbvRO','ESTUDIANTE',2024073),(274,'2024074','$2b$10$OZpkUvvjdEFDoTyiBzk5i.sNYZS51QmyIfeZAUE3u7mJ9MkT1ZstO','ESTUDIANTE',2024074),(275,'2024075','$2b$10$a/vDMAjm7bD7aLU/5BGF8.3hyragMuHfnmMHbhe5WQL7cM2nyIosC','ESTUDIANTE',2024075),(276,'2024076','$2b$10$oUSUSjmwP/prVdGVt03XmOTZrrTX3xGx4tq/1o6fNC7A1Vltayf3q','ESTUDIANTE',2024076),(277,'2024077','$2b$10$tKA9K4yhf//2k4BI7TMbuOEypNRJmJO/r3iLLTqkAKU5Gag.pZnp.','ESTUDIANTE',2024077),(278,'2024078','$2b$10$D0nJB.zAicJeUH3dCLcmIe/3RnbFt1coJt3IXurw4oKOK0qVMFiqW','ESTUDIANTE',2024078),(279,'2024079','$2b$10$ZINhj3C9KV4uSPUclYP0E.BKyxdz3g7nspYotio.xKHnyHuSU64Ce','ESTUDIANTE',2024079),(280,'2024080','$2b$10$5lmmLMMfBQyTmQKJw3MQ4.av94Lw2pZk.Bsc0Jc.P5wM723BL8kSG','ESTUDIANTE',2024080),(281,'2024081','$2b$10$5NDbDLkSYCGOFUBKuO3x9uZ.Z9.2sN5ilSjjHMYnMMttb6oyyZEX6','ESTUDIANTE',2024081),(282,'2024082','$2b$10$6qOqxoFxenicrd7NrDVAoOr25D7taWlgvlnls5zA2J56XeDWGztl6','ESTUDIANTE',2024082),(283,'2024083','$2b$10$1TtMX5nGfr3r3jxd3JX1cePwB9DuVuHcL1QIEZEYTC1AvlSEx4Qy2','ESTUDIANTE',2024083),(284,'2024084','$2b$10$4gQUCFRS3H9Lr3F10EYzMeQRNWSxs3H8nzJDKxVUvrIbeQlD8n1OW','ESTUDIANTE',2024084),(285,'2024085','$2b$10$f6vswRTQ3IUgfMSqJuSoX.YLfDwSpJUCPITepNay4VjCvbr497pSC','ESTUDIANTE',2024085),(286,'2024086','$2b$10$xP.Ui9aibyQJ60ayvcbPFOXAX/IuLUFAODtAsaKzmH9jzs44ZDBOS','ESTUDIANTE',2024086),(287,'2024087','$2b$10$/4gTglVCNPdmNV/Dk43YkOGClr.7U2sCoIQoK7WgZj21zTDs3DOje','ESTUDIANTE',2024087),(288,'2024088','$2b$10$COufS4kvUlcregrZ//8yt.ppyp3srkRCxhqG99g/5LOC5P/.U3q02','ESTUDIANTE',2024088),(289,'2024089','$2b$10$r6riHLCdoiPsq28vN0Z/POX9ng8mzwqQNbZaN5RGD/AhFyD8V/b7G','ESTUDIANTE',2024089),(290,'2024090','$2b$10$WM/t.LDJW/i03YfGIlIJz.7Bx/BcFQ5TYGsc4IEv6TgLvlpX1sqSS','ESTUDIANTE',2024090),(291,'2024091','$2b$10$kR1SYbwDIDg7ToygK9M99OPXP5.zux5cCXnYSpqTXgRXBAoKzaJVG','ESTUDIANTE',2024091),(292,'2024092','$2b$10$rYWkWb9QtmcxqLpofUPqUeMeqqkajaodVFM8sny8lyznD2CtFQyxG','ESTUDIANTE',2024092),(293,'2024093','$2b$10$uj3sVb3X2bGjtY05/EnYO.JhqJ0/NW4pevS5snjP.sD.W64S29KqG','ESTUDIANTE',2024093),(294,'2024094','$2b$10$l6KsqwJqxVR0zAMAsJZhi.nTImDU8/QlpP/WbTkv7cl9d0K7faWbm','ESTUDIANTE',2024094),(295,'2024095','$2b$10$DHtBGpDiT05vWj0eR8MMo.grx1HXUvaMOObmpmeAH/hQGwxYKmMEC','ESTUDIANTE',2024095),(296,'2024096','$2b$10$DfY6J2.5DpzjO0fSP3XKwOPQUbeoktSfkO96a0K5YnibZeLesxWEy','ESTUDIANTE',2024096),(297,'2024097','$2b$10$JpVu4cCxtsQbfhcV5E4xl.NrIXsYfhQ.nPFRSzzaYu7rlXL5ddXVe','ESTUDIANTE',2024097),(298,'2024098','$2b$10$X0vtupDGjgJGmd1jqfitH.N.H6PpVsCElWljpS1W4U2Vny7pwg.GG','ESTUDIANTE',2024098),(299,'2024099','$2b$10$NP9Mu0BeL6a5X8dxSJzXW.a35JdZ3SP5lv8.mHInK8NevCkAIN1OC','ESTUDIANTE',2024099),(300,'2024100','$2b$10$KrM0dISkCD4tFrTjZdZTHumuahy45oBf/6hx9iZng1Kfr7xIeBVO6','ESTUDIANTE',2024100),(301,'2024101','$2b$10$dsXUXuBYW.hXBBZWEgZE0.kLw/Y/XBvFlLnSEJM5aCal8C2Zd7XlS','ESTUDIANTE',2024101),(302,'2024102','$2b$10$IzsGtoEPZrKLR4Uq9W.5muZ2KK6KO4yLeUIEdTtMv4gLOu4DTNFxK','ESTUDIANTE',2024102),(303,'2024103','$2b$10$WXiz0ztvo/b.mdxH.n0WKOaJyZEcjEpnopYjpVOuW91Oz1zcE1MY2','ESTUDIANTE',2024103),(304,'2024104','$2b$10$tKrV93t74gjgz.5Gm7Ix7uU7D4rGgfaVEvxvqkaWUUqrfX6PK5Q76','ESTUDIANTE',2024104),(305,'2024105','$2b$10$Lk8lvYqPKKuX3BTgmJrMt.EOoLI1Tf6iQNouNqxXzk9pQ5Lx8m6SO','ESTUDIANTE',2024105),(306,'2024106','$2b$10$fbNVOoIo3kkr8jNZVfp3N.AKT8LD7RCfht8FmnLWcB9AE/9xWFpYO','ESTUDIANTE',2024106),(307,'2024107','$2b$10$e3VSXv2RFh7Btam4uc480Oiy/7grF4BFQyrLfCtz4fEo1nrui70d6','ESTUDIANTE',2024107),(308,'2024108','$2b$10$3fD88FC7zbY7G5OdTfvZZ.kDyeqUIZmjuLazit4VoypDeKtFLEuF6','ESTUDIANTE',2024108),(309,'2024109','$2b$10$84MIHJ1npsy/1IykBvsktuzvZOSdQM/S10n68HkkRcCEbTs3Er6rS','ESTUDIANTE',2024109),(310,'2024110','$2b$10$w0kN6eKQQJLMPNe7xlnt4.0wSgLuJYtoUTs0xiXBTdcIPMz1szJJy','ESTUDIANTE',2024110),(311,'2024111','$2b$10$Zl6k35xU5/QSy8l6FSeKmO/3KVBHbqtsasArQYUXX2VLV8pns3WPC','ESTUDIANTE',2024111),(312,'2024112','$2b$10$WKDETicNfB04ur2rCqwmVefdrUswnoEUVub7Sbgs5fnko4ia3gwUS','ESTUDIANTE',2024112),(313,'2024113','$2b$10$jmRVB7f7bv0wAye4UYPlnOKcqbMzgMoqwBxYuYT1Ei5fXU1C/BrYO','ESTUDIANTE',2024113),(314,'2024114','$2b$10$ZxfuPM6oYgFMLBxNQbtBKuid8CtbtCqApOLazamGcR6CkxbeHCBYG','ESTUDIANTE',2024114),(315,'2024115','$2b$10$zvItExkplqqm7OaQGnJlpOIl1nFR6USi3xSe0ntBvOE9rlO0kAAlu','ESTUDIANTE',2024115),(316,'2024116','$2b$10$QF/6wp6RSwY5zMW4jXC3gOhao2ITWbIIUf4WCwtAWIsAhlDUKjKXK','ESTUDIANTE',2024116),(317,'2024117','$2b$10$ry3MjMDUYEaJundyLm9Wxea71ltLm/HPm0c2Wah/gT1RvGiuWqMZu','ESTUDIANTE',2024117),(318,'2024118','$2b$10$ssHCaffeN4EC5pgEXPl3Muh01k6uuyMlqT5uD6lx4IQVfCUh/W81G','ESTUDIANTE',2024118),(319,'2024119','$2b$10$otM4KFtp2B0ZNEQBgArWa.2Pbs9T4hkKXDbIA5atFj2fONKKyEobu','ESTUDIANTE',2024119),(320,'2024120','$2b$10$iT.SCSVtq7Ti3pJO.YOS1.e.xX6ZVG9BAzsafzpDp8fQg4/O87SR.','ESTUDIANTE',2024120),(321,'2024121','$2b$10$H3mEPws3.jYb.5O5qCA1Peseywawh4NKT5xZXr9TbUbWw4uqCFZXu','ESTUDIANTE',2024121),(322,'2024122','$2b$10$FvKBf2Edti4IM9hYE7NooeuUvdsRqwAnZk9N9LHF7vSsJl5.tslny','ESTUDIANTE',2024122),(323,'2024123','$2b$10$9hBBpg2lEI3M0B4IrdNIteh8VRAQC9woi6kaC..f/iLHmY1qQKgc.','ESTUDIANTE',2024123),(324,'2024124','$2b$10$LyPHRY/6UrVelk6sgD0nNOicdFGo7EMDNkUCzY6Xa1povkaTlRxjC','ESTUDIANTE',2024124),(325,'2024125','$2b$10$viyu5MN6kh1BFP4lo1y/cOIAXIx6DN5aGMKVoIcKt/G3w3FVvpT.2','ESTUDIANTE',2024125),(326,'2024126','$2b$10$0wrj7qD8M1mDzqDxhFpv0O3vq30xJdVMMu8Bnqs8aIw2TNVCzTe7G','ESTUDIANTE',2024126),(327,'2024127','$2b$10$mBermsNTiISwn5lLsJsCuOf2wZ6hiL1lIVnjnHWEBJlNZ2iySGwC2','ESTUDIANTE',2024127),(328,'2024128','$2b$10$ltP9ouTggvxkAc4exIJGzuZ4y4FSmbSUYmGRZW3gwpwAptL/cleLi','ESTUDIANTE',2024128),(329,'2024129','$2b$10$IhTQ1YfwiF66Ypv5HX85H.e.PfS4HEykA08IoJVGJC3VKt5KxvO5y','ESTUDIANTE',2024129),(330,'2024130','$2b$10$Pr8gK0mgEvaSmJHaKhWt2ea8K935sWphgGvXuxBR7eQijs2o8BWkC','ESTUDIANTE',2024130),(331,'2024131','$2b$10$WYBqqRgALIXHkwkJ.r4MSuOz4TNi0DTzon1Rlte1AtJDGgDNvDrly','ESTUDIANTE',2024131),(332,'2024132','$2b$10$sYOwPuI7tQ7tOHHWr1Q5Ju358weyN/Zbunws1En/euQDiRAowv5zi','ESTUDIANTE',2024132),(333,'2024133','$2b$10$gfXAv2qhrdftM36OMcwe3.13YK62FAnxx5xvQ2JjgAYL4eYE4Tujq','ESTUDIANTE',2024133),(334,'2024134','$2b$10$1uSkEjygBStzMGWQeMNur.ytTWctnqeb.jG/C0h.7/X7mQBh8mbmC','ESTUDIANTE',2024134),(335,'2024135','$2b$10$bPrJlm7ONkhbtVjr9vRP7e6QsNHAJqQ7xaCqZLmZWn1HTf7LrNxSO','ESTUDIANTE',2024135),(336,'2024136','$2b$10$Z4GDQdXONpKdSoDf5mzd9e3nHVUOoW1xJZn0LsKJah6tVxOvgUNUi','ESTUDIANTE',2024136),(337,'2024137','$2b$10$h.XOgbsGih4Ggh2cuHKjNO2tGOab/AmC4Av6I2mP5aFYe73y.bhCO','ESTUDIANTE',2024137),(338,'2024138','$2b$10$jbjYwM.TnmWHRu3ma0krleOvu5ndh882ClNCErd4qOaGFogv90wrO','ESTUDIANTE',2024138),(339,'2024139','$2b$10$/M.qPktPb/uBFE7JjIy9y.msi8NLdtHLdOoW8R3U/WZ1IZoLznraq','ESTUDIANTE',2024139),(340,'2024140','$2b$10$tV2BUwPSCifYfTcFgvjXlOjmDhMmDAouQ5GwVsoRNFUhKSGlI12My','ESTUDIANTE',2024140),(341,'2024141','$2b$10$QyBuuOFcInPzpmV77cEJKeKLHPhk1md8QQncQFnt7GVDRr3KCvF..','ESTUDIANTE',2024141),(342,'2024142','$2b$10$aD6FvC6az9fcZJK/u1ZhmerWA0vkECr7NyCN1rhORuzzt4vknAHra','ESTUDIANTE',2024142),(343,'2024143','$2b$10$eYj/Wa3pdkdMNisCl2Y8feJFimjILK5yls7YNyeLOJdPQNwDP69rO','ESTUDIANTE',2024143),(344,'2024144','$2b$10$mePSCUEv2.F8NKo1mgSmcOG2RKudWNgMXzOsZVZyFMt10E/yuZf6i','ESTUDIANTE',2024144),(345,'2024145','$2b$10$nm/42aZO6aqpbaMPUQks0OQUqlIgGjBmK40Izyptb/MFXo4WLxYFC','ESTUDIANTE',2024145),(346,'2024146','$2b$10$vuQE9rHQdsca5qVaGPmw0O00wZkQJeh2xoPQ0HDaE34pmQhE87sZ.','ESTUDIANTE',2024146),(347,'2024147','$2b$10$HL.VfNm8NQ1m1aEgRHfaE.cYZwPQNvOgg2G4Q7Fd5iIs9ET2SG9ma','ESTUDIANTE',2024147),(348,'2024148','$2b$10$AT6Yen/PRYwEECEUCMPf1u.l5em7B51RmroetXWnMucmAoQ1DZpAC','ESTUDIANTE',2024148),(349,'2024149','$2b$10$2ZDvHbn4zOy0X0/A/QdD8uGYj4EWlJM19lQ3uomEHJ07bBn1P1yV.','ESTUDIANTE',2024149),(350,'2024150','$2b$10$jONClJSG7uQXs8GJs8YW4.FhK2Z5wq9mwcvCJv1D.glWwPuBzmBpe','ESTUDIANTE',2024150),(351,'2024151','$2b$10$6W1Gk2USKQGGrW.ycNHl7eLyK6uBG1lN4SvYcwXP38xJ/DKOYi7ue','ESTUDIANTE',2024151),(352,'2024152','$2b$10$x3ezvBigGxT1CH49iqw8duJ.vFvbUA52Qqstkro2Ti7jrEgJ338Ku','ESTUDIANTE',2024152),(353,'2024153','$2b$10$HrherMEFWw4Hl3a0uhG5yuqL4ynST/bOTFXbb2019wg/lnY3Ucz5y','ESTUDIANTE',2024153),(354,'2024154','$2b$10$tXWin6U4OaAYCccex.UGT.TLQboAhb/h7vPH28GsOt0D.i3iwwKqG','ESTUDIANTE',2024154),(355,'2024155','$2b$10$IS4fE7TJgk8/WWrfZzg.7.W9S1MRTup0kLOVhiQ0aMwSSVvEokwBO','ESTUDIANTE',2024155),(356,'2024156','$2b$10$OshI4C8SkLfYrQiRUiVoWu6fuDuOGKQhjo4UsSCcGgTP08yGDPmFK','ESTUDIANTE',2024156),(357,'2024157','$2b$10$9VSvtpcbyUQYv0cMQ8z4h.IPQQUqmGC3qIPaYqNQJO2uyeIHyVW9W','ESTUDIANTE',2024157),(358,'2024158','$2b$10$zK/XpXBnOYfp21Dt1xlNqesTNOXtKewsK6GHoh5Cr2Yj7Rp9z4RX.','ESTUDIANTE',2024158),(359,'2024159','$2b$10$KklmU99XBxOB.cNOuZ.Mbe0AnCtbdWMIhA.v20DrMf40jHot0.FTC','ESTUDIANTE',2024159),(360,'2024160','$2b$10$tDSP/uHrxc1q9EQgTyt7nOig0XaFseRsfuBM9yOQ/kYnZjXE9vFvq','ESTUDIANTE',2024160),(361,'2024161','$2b$10$6RkcxSMNwUQbECOhyHgcw.m3aDZUkoVF/3vE/C5gBog4RQ8Dfk5YG','ESTUDIANTE',2024161),(362,'2024162','$2b$10$2Zep795ZiAtox1r.0nHn.uodL1GCVyLBq/uHQY6PtHXwNEzTNwB1e','ESTUDIANTE',2024162),(363,'2024163','$2b$10$.XJgRRvHfYpumXRANY2INekb8moNbtiSY9MVRawMKpNoXDZpJobWm','ESTUDIANTE',2024163),(364,'2024164','$2b$10$Lbx02v1rtZ5A87BebwRkPOSC4Of33BKRySLcEVeZTKzkdWpgCfzRa','ESTUDIANTE',2024164),(365,'2024165','$2b$10$pdWiKT6yIGV4V5lnXWhdZuquqZ67xSdZufF/ILJQIJb9C4Z2Smtdq','ESTUDIANTE',2024165),(366,'2024166','$2b$10$FWtJFIQijEuH2njc.BhXGOWmggKo8VsHINp6Js08oVEH6wvS4lpii','ESTUDIANTE',2024166),(367,'2024167','$2b$10$M8lq9ULFdsRqPAcJ4XtGpuiY0qLO9nKPhL5pA/U7uNHhGUxYV.HCK','ESTUDIANTE',2024167),(368,'2024168','$2b$10$hQyN1.LU0pze0EZEep3/guZeEyS8MQ/Vn7pr2vhrBZg92hO2vrqMq','ESTUDIANTE',2024168),(369,'2024169','$2b$10$fBOTESS94CSHe5PaEiTMguPFCiHEYY9pHtai3kCBFYjetYuKYOjX2','ESTUDIANTE',2024169),(370,'2024170','$2b$10$eqvhNQSjPtUxPMuYOvuryOOWBGC31lnCk0heiiL.zDyD/Y.yM4lCu','ESTUDIANTE',2024170),(371,'2024171','$2b$10$gy3VLmp0V7Y16wPrKRa46ezoSPYDOlwbxUfUtPY36ARDNW/5nN7Ji','ESTUDIANTE',2024171),(372,'2024172','$2b$10$M2YDzbssAgT2nrCVtiXBwucbjKvyHnSQ/7AadoxvprjH7jg1PfjN2','ESTUDIANTE',2024172),(373,'2024173','$2b$10$3yqj/qQOMo3gMmYvgeVEhOSBLaxZnd5bO9EnG2zPU2FT2Dwsei5Py','ESTUDIANTE',2024173),(374,'2024174','$2b$10$o3NF4aVcCueohln847GlgOMm4RVXcii9RQHOwaaQcBsncPGIa7Cui','ESTUDIANTE',2024174),(375,'2024175','$2b$10$pjklgvV5hJN.5uZh/sVtSebyYb/OagyxSiMJ2zsQ7UssZr4EESIKa','ESTUDIANTE',2024175),(376,'2024176','$2b$10$.9fJYumDX.Eyi2kHvpV1A.EFd0cN/0gEVonAq4cmNSKuQRnhae13K','ESTUDIANTE',2024176),(377,'2024177','$2b$10$oZvBV1DJj1Ov7TnWypF1Ted63WZ99XJ73/EivlZZB1KCowswQVEyS','ESTUDIANTE',2024177),(378,'2024178','$2b$10$deDWPe31hpj1fssWIhEVbuYnhWqAGzwAPFZ.iV.IGuW5Ltw4A9Rr6','ESTUDIANTE',2024178),(379,'2024179','$2b$10$jKfcLRTJLxQ14tafUOMXt.Wectplj5yepd4CwM4WgMYVPbhwuAYP.','ESTUDIANTE',2024179),(380,'2024180','$2b$10$gklXkn4O3mhrQFjn3TiQF.rfrtuBXxpJhhxJuVm1.k8ZOl4s/0ypy','ESTUDIANTE',2024180),(381,'2024181','$2b$10$pz/YtnovVfFiRSg9ZmVrbu8NjTULBRe76XQgj1YnwY8qfT11Sr9RG','ESTUDIANTE',2024181),(382,'2024182','$2b$10$2BY4XOXd/kLlBP099xut/.cETQpz5.IFezhtr33HdIV1m58YsXkES','ESTUDIANTE',2024182),(383,'2024183','$2b$10$y/ihXJzEoFkGefjTV30sEeC22c8XC6xlEmVtHlyvnujGDK.Mn51h.','ESTUDIANTE',2024183),(384,'2024184','$2b$10$YBWV685ynhJ1x6HZ01HQp.DilrUw.GvDwTGzr87YtrU0/Dt2z5Zgi','ESTUDIANTE',2024184),(385,'2024185','$2b$10$ZT2xZ6UFII4g5m6fJUBXC.IUWxbcYltj9HpRqrP0jtkn1XOS7tq7q','ESTUDIANTE',2024185),(386,'2024186','$2b$10$eXUMI3nOACF54lTMEEnasuKxTua0fZcU71KSgphXHmiTl6tYF.dxq','ESTUDIANTE',2024186),(387,'2024187','$2b$10$AUtokWdkfgZASffG7m3ch.jmyeLLFxztl8JQPWkmVwzuUeEfKggOO','ESTUDIANTE',2024187),(388,'2024188','$2b$10$EARErVMSFGuZczl7OXyiJuvlsHoTtsWFrUEGTQJOMQAREZZmeb3Yu','ESTUDIANTE',2024188),(389,'2024189','$2b$10$a5DVoDQM4JaTOAM7KPDETOQo3bk0nnIBYnwfRWC4iZqcGtvetnmKq','ESTUDIANTE',2024189),(390,'2024190','$2b$10$rYwsd2SCvIdbyzjh4uC1WumZrFI8CzUBHcGXc7IyVsyUBbpCBC4su','ESTUDIANTE',2024190),(391,'2024191','$2b$10$cUnGQZT.drpMfRwf7Rfns.EAEYcvFqE0VqsTA5qyr0uILBz9OoPM6','ESTUDIANTE',2024191),(392,'2024192','$2b$10$/gNzz83T.pk.agEIwcj51eVacl925hegmEOhskvFrLG3ry7zhxVN2','ESTUDIANTE',2024192),(393,'2024193','$2b$10$A76dCCwnDroipAkf8rmBFOhrf43ky8NQORGRAApf9k7VZPVbc8l0W','ESTUDIANTE',2024193),(394,'2024194','$2b$10$KWNM4jabKxsDbfrc/e8fiuvZpWMqhiO/XilNpWQ/Xe596vZce2BaW','ESTUDIANTE',2024194),(395,'2024195','$2b$10$VAZ5l/kawsLp0WQeM5K5t..QK8i8nEOzVFQQtFHvMA2zUwvm7B4va','ESTUDIANTE',2024195),(396,'2024196','$2b$10$9hqxzV7VM07AZSSEMNtR5.mE79XvrTDf.X.LrJM5qb2CTFkrlZaAy','ESTUDIANTE',2024196),(397,'2024197','$2b$10$KZuffLLdpM3Bpxwc.wSc8uhmgj7fPaC9vr.EV/muHeBJFdUX1ryfa','ESTUDIANTE',2024197),(398,'2024198','$2b$10$huqNG3bh7Y317ov1SXEB7OuRYBwRX.0VNJ4Qz30riIg/CABP02pqq','ESTUDIANTE',2024198),(399,'2024199','$2b$10$4gACeRwTbdzx.AxCNfqqiOBiI9EF7V9YZEMakM.hqCqOVgw.v75uq','ESTUDIANTE',2024199),(400,'2024200','$2b$10$lI3Z3EOVMtXEEMiax2uywe0bq/Em/0eOHu3rbuBA97sG8nMRPyBz2','ESTUDIANTE',2024200),(401,'prof1','$2b$10$XMcZ7ZlpNonOybe90IlfEuayZO9o7O3V.tnsuOpQ2uCrzSn21VEhy','PROFESOR',1),(402,'prof2','$2b$10$HkINScziKZmu0pZfKFBIk.lWM5WJz3XGBSSnZXJTksbwKoEH2F1cC','PROFESOR',2),(403,'prof3','$2b$10$FMCU06pxNQfo48OHaVXD6e4KkcZ62ntKV0OVf6h.hbC6taEMIJkrG','PROFESOR',3),(404,'prof4','$2b$10$BWhROjD49w7D0MmaEbJT0O7zCMBsj3L62pvE8aFZzBXr8QXmcpnWm','PROFESOR',4),(405,'prof5','$2b$10$AyMlSX0YYNSoa4iw3vocSemh8dana2lGXRuQz4SwEgj13HB2ooRom','PROFESOR',5),(406,'prof6','$2b$10$z70QQ1GVUs5wIWzq4rdGPucNm5r5N3GklYcw3bS5M.oNx7rcR7bKO','PROFESOR',6),(407,'prof7','$2b$10$xc5p/wOLrz9ytQsp75uNOu8XFYIyjMlp8a9AS34nI.nqzK6eaDwSG','PROFESOR',7),(408,'prof8','$2b$10$cVKcKtZYnpp/ZWiFhaN26OBkW.fJYgUBmSzarg1bx7AZJ8eWzvJ42','PROFESOR',8),(409,'prof9','$2b$10$RJoOed8KRdohQFyxLeUC5.RyFnTu0g.UdRywg9oPt3wuwL9yyCsVy','PROFESOR',9),(410,'prof10','$2b$10$.Kt9y0rTjUfh6Fu7n0nITe3cmb9/crdqofqo2c6TswY8jAdDwKBEq','PROFESOR',10),(411,'prof11','$2b$10$J95LPWf51iAIG1THSq60geHUlEd0EtSRaLu4JL134ujtQQu.es3fW','PROFESOR',11),(412,'prof12','$2b$10$b3MuLjqFFheTFN0ibpsH6ecfo9beiC5ZucpV1fVsxQQpkQ01hmmWK','PROFESOR',12),(413,'prof13','$2b$10$XPW7KQJNSxpuiGusK9u9p.y8HDCdopyK.ZzM6XR1hUH0LbuUKDGWa','PROFESOR',13),(414,'prof14','$2b$10$hFS8/Zxhf0BmcRGDzyk14ON/Oqeut6NIraHhN5yfyE5Jkqw0ivE8q','PROFESOR',14),(415,'prof15','$2b$10$V86wH5N6x53B6QyuSi90FeXZSLb/CSdVdtVeirFsEt7JTEywDn0cG','PROFESOR',15),(416,'prof16','$2b$10$1/2c5xt.h/T7RTtj/SmIw.C6T1be2W.mw7QE96UawBOW7ML/coC76','PROFESOR',16),(417,'prof17','$2b$10$SeNwebM.b1g068lGZq7PuuO8U8G5Ah3j8L1cAtLCY0FQw7ECf41k6','PROFESOR',17),(418,'prof18','$2b$10$eW01zzUXLVYJMzTk2kwK.eNaHrmcqcYujVe7IZKiSVMI092BVggc2','PROFESOR',18),(419,'prof19','$2b$10$tkQsdN79RRj1o3ARGGQhb.nOpnv23g6ZwSmTqFyR2flvVt3m/b.ja','PROFESOR',19),(420,'prof20','$2b$10$b2xkd.iTExlUP6FtRnlJWe7Bs8.T6.AbgGt8mhMKCX4gUlW5Z1VLO','PROFESOR',20),(421,'admin1','$2b$10$GPnTnYEi5CClF9N7rLWWnuT3Fwlrwuun/MBY24KEYE1JTHSqTQZQu','ADMINISTRADOR',1),(422,'admin2','$2b$10$jykRBt7HNxI7TmwEctLgQ.f7TtjlWvaKQLFPLSrFaenJ6B.cydZPi','ADMINISTRADOR',2),(423,'admin3','$2b$10$yCyl4cY4Q3FoFtvzoASMlOfad8oaMiBrNiyDUddfZX4RZ5zeMogRW','ADMINISTRADOR',3),(424,'admin4','$2b$10$C2Z7D3NMBBDYvq0qrLnniu5cdyRmHzpdB4ZVdpJmiBIH4VJObzp82','ADMINISTRADOR',4),(425,'admin5','$2b$10$7x1LrOLR8yxM9trfJ831yuSxNLZTuNNICgKPGfv9IzhnPOCc57DVO','ADMINISTRADOR',5),(426,'admin6','$2b$10$zNp/D3tSZIjh1bSvXm4Q2OFYPo5YX70EteP59Bo0HChhITr2EoYri','ADMINISTRADOR',6);
/*!40000 ALTER TABLE `usuarios` ENABLE KEYS */;
UNLOCK TABLES;

--
-- Dumping events for database 'proyectoingles'
--

--
-- Dumping routines for database 'proyectoingles'
--
/*!40103 SET TIME_ZONE=@OLD_TIME_ZONE */;

/*!40101 SET SQL_MODE=@OLD_SQL_MODE */;
/*!40014 SET FOREIGN_KEY_CHECKS=@OLD_FOREIGN_KEY_CHECKS */;
/*!40014 SET UNIQUE_CHECKS=@OLD_UNIQUE_CHECKS */;
/*!40101 SET CHARACTER_SET_CLIENT=@OLD_CHARACTER_SET_CLIENT */;
/*!40101 SET CHARACTER_SET_RESULTS=@OLD_CHARACTER_SET_RESULTS */;
/*!40101 SET COLLATION_CONNECTION=@OLD_COLLATION_CONNECTION */;
/*!40111 SET SQL_NOTES=@OLD_SQL_NOTES */;

-- Dump completed on 2025-11-28 20:15:08
